repository_url,repository_language,repository_watchers
https://github.com/Khan/khan-exercises,JavaScript,1342
https://github.com/WebDevStudios/Custom-Metaboxes-and-Fields-for-WordPress,PHP,1181
https://github.com/phoboslab/Ejecta,Objective-C,1142
https://github.com/desandro/imagesloaded,JavaScript,2248
https://github.com/chocolatey/chocolatey,PowerShell,1118
https://github.com/MattWilcox/Adaptive-Images,PHP,1359
https://github.com/redis-store/redis-store,Ruby,1029
https://github.com/coreyti/showdown,Perl,1647
https://github.com/kanwei/algorithms,Ruby,1128
https://github.com/markdalgleish/stellar.js,JavaScript,1794
https://github.com/mojombo/god,Ruby,1455
https://github.com/sockjs/sockjs-client,JavaScript,1912
https://github.com/emberjs/data,JavaScript,1580
https://github.com/tommoor/tinycon,JavaScript,3558
https://github.com/osxfuse/osxfuse,Shell,1032
https://github.com/rgrove/sanitize,Ruby,1044
https://github.com/dimsemenov/Magnific-Popup,JavaScript,3454
https://github.com/technicalpickles/jeweler,Ruby,1267
https://github.com/jalxob/cool-kitten,JavaScript,1191
https://github.com/opscode/chef,Ruby,2434
https://github.com/robfig/revel,Go,2720
https://github.com/mozilla/brick,JavaScript,1730
https://github.com/janl/mustache.js,JavaScript,5857
https://github.com/leafo/lessphp,PHP,1837
https://github.com/stripe/jquery.payment,CoffeeScript,1836
https://github.com/thomasdavis/best-practices,null,1177
https://github.com/codecomputerlove/PhotoSwipe,JavaScript,1538
https://github.com/tpope/vim-surround,VimL,1695
https://github.com/jonobr1/two.js,JavaScript,2391
https://github.com/github/markup,Ruby,1705
https://github.com/mishoo/UglifyJS2,JavaScript,1794
https://github.com/codylindley/frontend-tools,null,1406
https://github.com/excilys/androidannotations,Java,2207
https://github.com/gotosleep/JASidePanels,Objective-C,2308
https://github.com/PHPOffice/PHPExcel,PHP,1758
https://github.com/twitter/gizzard,Scala,1788
https://github.com/square/objc-TimesSquare,Objective-C,1122
https://github.com/loopj/jquery-tokeninput,JavaScript,1892
https://github.com/theironcook/Backbone.ModelBinder,JavaScript,1174
https://github.com/h5bp/server-configs,JavaScript,1322
https://github.com/CSS-Tricks/AnythingSlider,CSS,1052
https://github.com/component/component,JavaScript,2579
https://github.com/arsduo/koala,Ruby,2112
https://github.com/twitter/activerecord-reputation-system,Ruby,1011
https://github.com/yeoman/yeoman,Shell,5145
https://github.com/bmatzelle/gow,Visual Basic,1922
https://github.com/jeanphix/Ghost.py,JavaScript,1042
https://github.com/loopj/android-async-http,Java,2672
https://github.com/gothfox/Tiny-Tiny-RSS,PHP,1376
https://github.com/ValveSoftware/source-sdk-2013,C++,1019
https://github.com/usablica/front-end-frameworks,CSS,1700
https://github.com/middleman/middleman,Ruby,2672
https://github.com/rapid7/metasploit-framework,Ruby,1593
https://github.com/twitter/finagle,Scala,2266
https://github.com/stig/json-framework,Objective-C,3186
https://github.com/chinchang/hint.css,CSS,2532
https://github.com/nkrode/RedisLive,JavaScript,1479
https://github.com/nathansmith/960-Grid-System,null,2536
https://github.com/josscrowcroft/accounting.js,JavaScript,1446
https://github.com/desandro/isotope,JavaScript,3985
https://github.com/technomancy/leiningen,Clojure,2843
https://github.com/Netflix/Hystrix,Java,1364
https://github.com/aFarkas/html5shiv,JavaScript,3387
https://github.com/kripken/emscripten,C,5591
https://github.com/AdamAtomic/flixel,ActionScript,1070
https://github.com/facebook/hhvm,C++,6744
https://github.com/VerbalExpressions/JSVerbalExpressions,JavaScript,3865
https://github.com/gekitz/UIDevice-with-UniqueIdentifier-for-iOS-5,Objective-C,1223
https://github.com/Mashape/mashape-oauth,JavaScript,1145
https://github.com/WilliamHackmore/linuxgems,Shell,1477
https://github.com/visionmedia/git-extras,Shell,3079
https://github.com/pagespeed/ngx_pagespeed,C++,1850
https://github.com/alexbw/novocaine,Objective-C,1151
https://github.com/photonstorm/phaser,CSS,1194
https://github.com/EightMedia/hammer.js,JavaScript,6401
https://github.com/mitchellh/packer,Go,1759
https://github.com/visionmedia/jade,JavaScript,5760
https://github.com/bower/bower,JavaScript,8095
https://github.com/ai/autoprefixer,JavaScript,1686
https://github.com/rmurphey/jqfundamentals,JavaScript,1147
https://github.com/toddmotto/fireshell,JavaScript,1085
https://github.com/alvarotrigo/fullPage.js,JavaScript,2133
https://github.com/eventmachine/eventmachine,Ruby,2389
https://github.com/davatron5000/FitText.js,JavaScript,3765
https://github.com/mattn/emmet-vim,VimL,1570
https://github.com/geuis/helium-css,CSS,2546
https://github.com/woothemes/woocommerce,PHP,1165
https://github.com/emberjs/ember.js,JavaScript,9015
https://github.com/brotherbard/gitx,Objective-C,1576
https://github.com/subtlepatterns/SubtlePatterns,PHP,1920
https://github.com/raganwald/homoiconic,Ruby,1620
https://github.com/vitch/jScrollPane,JavaScript,1464
https://github.com/probablycorey/wax,C,1259
https://github.com/JakeWharton/Android-ViewPagerIndicator,Java,3002
https://github.com/pydata/pandas,Python,2484
https://github.com/mrdoob/three.js,JavaScript,13839
https://github.com/zmoazeni/csscss,Ruby,2584
https://github.com/mxcl/homebrew,Ruby,15027
https://github.com/benweet/stackedit,JavaScript,2439
https://github.com/rubymotion/BubbleWrap,Ruby,1046
https://github.com/id-Software/DOOM-3-BFG,C++,1257
https://github.com/lojjic/PIE,JavaScript,2417
https://github.com/spray/spray,Scala,1236
https://github.com/LearnBoost/engine.io,JavaScript,1153
https://github.com/kissyteam/kissy,JavaScript,1081
https://github.com/steipete/PSTCollectionView,Objective-C,1712
https://github.com/domesticcatsoftware/DCIntrospect,Objective-C,1760
https://github.com/flatiron/director,JavaScript,1066
https://github.com/MLstate/opalang,OCaml,1204
https://github.com/zeromq/libzmq,C++,1249
https://github.com/alikaragoz/MCSwipeTableViewCell,Objective-C,1366
https://github.com/treeio/treeio,Python,1249
https://github.com/bborn/communityengine,Ruby,1031
https://github.com/brow/leaves,Objective-C,1304
https://github.com/netty/netty,Java,2423
https://github.com/codeparty/derby,JavaScript,2925
https://github.com/boctor/idev-recipes,Objective-C,2404
https://github.com/kif-framework/KIF,Objective-C,2032
https://github.com/omz/DocSets-for-iOS,C,1156
https://github.com/chriso/node.io,JavaScript,1825
https://github.com/meteor/meteor,JavaScript,10920
https://github.com/Shougo/neocomplcache.vim,VimL,1296
https://github.com/sstephenson/sprockets,Ruby,2123
https://github.com/scambra/devise_invitable,Ruby,1017
https://github.com/kirang89/pycrumbs,null,1073
https://github.com/coolwanglu/pdf2htmlEX,C++,2845
https://github.com/fernandezpablo85/scribe-java,Java,1765
https://github.com/alibaba/tengine,C,1426
https://github.com/google/lmctfy,C++,1873
https://github.com/helios-framework/helios,Ruby,3380
https://github.com/jschr/textillate,CSS,1218
https://github.com/LearnBoost/stylus,JavaScript,3794
https://github.com/TrinityCore/TrinityCore,C++,2307
https://github.com/hbons/SparkleShare,C#,2886
https://github.com/thoughtbot/neat,Ruby,1456
https://github.com/appjs/appjs,C++,2813
https://github.com/nathansmith/formalize,JavaScript,1291
https://github.com/apenwarr/sshuttle,Python,3526
https://github.com/jquery/globalize,JavaScript,1156
https://github.com/amatsuda/kaminari,Ruby,3651
https://github.com/arturadib/shelljs,JavaScript,1222
https://github.com/imakewebthings/jquery-waypoints,JavaScript,3301
https://github.com/square/otto,Java,1032
https://github.com/bcardarella/client_side_validations,Ruby,1767
https://github.com/kchmck/vim-coffee-script,VimL,1204
https://github.com/nrk/predis,PHP,1180
https://github.com/driftyco/ionicons,CSS,2983
https://github.com/jonleighton/poltergeist,Ruby,1248
https://github.com/toursprung/TSMessages,Objective-C,1450
https://github.com/opdemand/deis,Python,1157
https://github.com/memcached/memcached,C,2611
https://github.com/DmitryBaranovskiy/g.raphael,JavaScript,1370
https://github.com/samvermette/SVProgressHUD,Objective-C,2924
https://github.com/guzzle/guzzle,PHP,2482
https://github.com/AutoMapper/AutoMapper,C#,1652
https://github.com/daylerees/colour-schemes,VimL,3153
https://github.com/lvivski/anima,JavaScript,1022
https://github.com/es-analysis/plato,JavaScript,1383
https://github.com/bbatsov/ruby-style-guide,Ruby,4622
https://github.com/assaf/vanity,Ruby,1012
https://github.com/chaplinjs/chaplin,CoffeeScript,2482
https://github.com/assaf/zombie,CoffeeScript,1972
https://github.com/sstephenson/ruby-build,Shell,1526
https://github.com/fontello/fontello,JavaScript,2488
https://github.com/happyworm/jPlayer,JavaScript,2141
https://github.com/FetLife/rollout,Ruby,1098
https://github.com/gruntjs/grunt,JavaScript,7123
https://github.com/luvit/luvit,C,1311
https://github.com/vitalets/x-editable,JavaScript,2933
https://github.com/gitlabhq/gitlabhq,Ruby,11987
https://github.com/chrisbanes/PhotoView,Java,1263
https://github.com/kylestetz/CLNDR,JavaScript,1268
https://github.com/sebastianbergmann/phpunit,PHP,3281
https://github.com/nvie/gitflow,Shell,8021
https://github.com/miniMAC/magic,CSS,1482
https://github.com/extend/cowboy,Erlang,1266
https://github.com/jacomyal/sigma.js,JavaScript,1704
https://github.com/BBC-News/Imager.js,JavaScript,2621
https://github.com/flot/flot,JavaScript,2921
https://github.com/antirez/redis,C,7945
https://github.com/wayneeseguin/rvm,Shell,2518
https://github.com/rtomayko/tilt,Ruby,1191
https://github.com/capistrano/capistrano,Ruby,4915
https://github.com/DmitryBaranovskiy/raphael,JavaScript,5865
https://github.com/jeremyevans/sequel,Ruby,1182
https://github.com/Darsain/sly,JavaScript,1405
https://github.com/jaredatch/Custom-Metaboxes-and-Fields-for-WordPress,PHP,1157
https://github.com/ivansafrin/Polycode,C++,1430
https://github.com/icodeforlove/node-requester,JavaScript,2576
https://github.com/Kicksend/mailcheck,JavaScript,4366
https://github.com/segmentio/analytics.js,JavaScript,2345
https://github.com/gurgeh/selfspy,Python,1095
https://github.com/seyhunak/twitter-bootstrap-rails,Ruby,3378
https://github.com/mikeal/request,JavaScript,3814
https://github.com/wp-cli/wp-cli,PHP,1118
https://github.com/briangonzalez/jquery.adaptive-backgrounds.js,JavaScript,2911
https://github.com/thoughtbot/dotfiles,VimL,1029
https://github.com/twitter/snowflake,Scala,1582
https://github.com/jeresig/processing-js,Java,1512
https://github.com/pokonski/public_activity,Ruby,1057
https://github.com/django-debug-toolbar/django-debug-toolbar,Python,2509
https://github.com/liebke/incanter,Clojure,1137
https://github.com/thomasdavis/backbonetutorials,JavaScript,1818
https://github.com/justinwalsh/daux.io,CSS,2552
https://github.com/romaonthego/RESideMenu,Objective-C,1451
https://github.com/desandro/masonry,JavaScript,5318
https://github.com/andreareginato/betterspecs,CSS,1025
https://github.com/HumbleSoftware/Flotr2,JavaScript,1894
https://github.com/GBKS/Wookmark-jQuery,JavaScript,1787
https://github.com/mathiasbynens/jquery-placeholder,JavaScript,2369
https://github.com/jisaacks/GitGutter,Python,1772
https://github.com/avalanche123/Imagine,PHP,1753
https://github.com/facebook/three20,Objective-C,7447
https://github.com/nodejitsu/node-http-proxy,JavaScript,2580
https://github.com/paulirish/browser-logos,Shell,2792
https://github.com/cjohansen/Sinon.JS,JavaScript,1224
https://github.com/designmodo/Flat-UI,CSS,5890
https://github.com/steipete/PSStackedView,Objective-C,1714
https://github.com/sparklemotion/nokogiri,Java,2483
https://github.com/bradbirdsall/Swipe,JavaScript,3460
https://github.com/mneorr/Alcatraz,Objective-C,1555
https://github.com/LeaVerou/prism,JavaScript,1086
https://github.com/hakimel/reveal.js,JavaScript,12922
https://github.com/pry/pry,Ruby,2511
https://github.com/zeroclipboard/zeroclipboard,JavaScript,2019
https://github.com/nesquena/gitdocs,JavaScript,1093
https://github.com/facebook/facebook-android-sdk,Java,2698
https://github.com/twitter/twemproxy,C,1835
https://github.com/layervault/psd.rb,Ruby,2527
https://github.com/ryanb/nifty-generators,Ruby,2023
https://github.com/matthewhudson/device.js,JavaScript,1144
https://github.com/andris9/Nodemailer,JavaScript,1668
https://github.com/etsy/statsd,JavaScript,4923
https://github.com/thomas-mcdonald/bootstrap-sass,Ruby,3967
https://github.com/skwp/dotfiles,Ruby,2239
https://github.com/mde/geddy,JavaScript,1628
https://github.com/JacksonTian/fks,null,1522
https://github.com/EllisLab/CodeIgniter,PHP,6939
https://github.com/BonsaiDen/JavaScript-Garden,JavaScript,1161
https://github.com/ryanb/nested_form,Ruby,1305
https://github.com/toland/qlmarkdown,C,1026
https://github.com/aws/aws-cli,Python,1601
https://github.com/rack/rack,Ruby,1722
https://github.com/jamztang/JTGestureBasedTableViewDemo,Objective-C,1144
https://github.com/pieter/gitx,Objective-C,1685
https://github.com/rileytestut/GBA4iOS,C,1149
https://github.com/felixge/node-formidable,JavaScript,1630
https://github.com/processing-js/processing-js,Processing,1224
https://github.com/WordPress/WordPress,PHP,3333
https://github.com/marionettejs/backbone.marionette,JavaScript,4258
https://github.com/redecentralize/alternative-internet,null,1699
https://github.com/backbone-boilerplate/backbone-boilerplate,JavaScript,4047
https://github.com/fancyapps/fancyBox,JavaScript,2141
https://github.com/es-shims/es5-shim,JavaScript,2150
https://github.com/msanders/snipmate.vim,VimL,1871
https://github.com/mojombo/toml,null,1542
https://github.com/wycats/handlebars.js,JavaScript,5662
https://github.com/php-fig/fig-standards,PHP,3590
https://github.com/brianleroux/lawnchair,JavaScript,1680
https://github.com/ziadoz/awesome-php,null,1143
https://github.com/appcelerator/KitchenSink,JavaScript,1641
https://github.com/yui/pure,CSS,6794
https://github.com/jquery/jquery-mobile,JavaScript,8795
https://github.com/dropwizard/dropwizard,Java,1434
https://github.com/zk00006/OpenTLD,Matlab,1266
https://github.com/klaussilveira/gitlist,CSS,1301
https://github.com/zendframework/ZendSkeletonApplication,PHP,1043
https://github.com/brandonaaron/jquery-mousewheel,JavaScript,1458
https://github.com/holman/spark,Shell,2716
https://github.com/fronteed/iCheck,CSS,2705
https://github.com/mishoo/UglifyJS,JavaScript,4558
https://github.com/nostra13/Android-Universal-Image-Loader,Java,3437
https://github.com/dypsilon/frontend-dev-bookmarks,null,7771
https://github.com/rsms/kod,Objective-C,2431
https://github.com/documentcloud/visualsearch,JavaScript,1277
https://github.com/bergie/hallo,JavaScript,1695
https://github.com/tinymce/tinymce,JavaScript,1789
https://github.com/tpope/vim-fugitive,VimL,3670
https://github.com/shu223/iOS7-Sampler,Objective-C,1839
https://github.com/rstacruz/jquery.transit,JavaScript,4399
https://github.com/powmedia/backbone-forms,JavaScript,1622
https://github.com/IanLunn/Sequence,CSS,1831
https://github.com/Huddle/PhantomCSS,JavaScript,1539
https://github.com/cloudhead/toto,Ruby,1352
https://github.com/jrburke/requirejs,JavaScript,5030
https://github.com/TheAmazingAudioEngine/TheAmazingAudioEngine,Objective-C,1087
https://github.com/BorisMoore/jsrender,JavaScript,1224
https://github.com/sstephenson/eco,CoffeeScript,1490
https://github.com/kemayo/sublime-text-git,Python,1551
https://github.com/DanMcInerney/LANs.py,Python,1033
https://github.com/tsenart/vegeta,Go,1347
https://github.com/kien/ctrlp.vim,VimL,2711
https://github.com/rashidkpc/Kibana,JavaScript,1233
https://github.com/carhartl/jquery-cookie,JavaScript,4618
https://github.com/mozilla/togetherjs,JavaScript,3759
https://github.com/usablica/intro.js,JavaScript,6182
https://github.com/openlayers/openlayers,JavaScript,1138
https://github.com/dennisreimann/ioctocat,Objective-C,1478
https://github.com/andrewplummer/Sugar,JavaScript,2052
https://github.com/HubSpot/offline,CSS,4355
https://github.com/airbnb/rendr,CoffeeScript,2509
https://github.com/phinze/homebrew-cask,Ruby,2284
https://github.com/resume/resume.github.com,JavaScript,7624
https://github.com/oesmith/morris.js,JavaScript,3495
https://github.com/n1k0/casperjs,JavaScript,2568
https://github.com/rails-api/active_model_serializers,Ruby,1679
https://github.com/addyosmani/backbone-fundamentals,JavaScript,7277
https://github.com/caolan/nodeunit,JavaScript,1079
https://github.com/d11wtq/boris,PHP,1170
https://github.com/dmotz/oriDomi,CoffeeScript,1657
https://github.com/TideSDK/TideSDK,C++,1278
https://github.com/tobeytailor/gordon,JavaScript,1740
https://github.com/jekyll/jekyll,Ruby,13487
https://github.com/jubos/fake-s3,Ruby,1086
https://github.com/fatfreecrm/fat_free_crm,Ruby,2206
https://github.com/linkedin/hopscotch,CSS,1706
https://github.com/Respect/Validation,PHP,1058
https://github.com/tarruda/bootstrap-datetimepicker,JavaScript,1067
https://github.com/javve/list.js,JavaScript,4305
https://github.com/gleitz/howdoi,Python,1704
https://github.com/vhf/free-programming-books,null,14926
https://github.com/aws/aws-sdk-ruby,Ruby,1173
https://github.com/mauricemach/zappa,CoffeeScript,1011
https://github.com/somerandomdude/Iconic,Python,1891
https://github.com/xing/wysihtml5,JavaScript,5574
https://github.com/twitter/scalding,Scala,1237
https://github.com/kevinzhow/PNChart,Objective-C,1355
https://github.com/jaukia/zoomooz,JavaScript,1068
https://github.com/KartikTalwar/gmail.js,JavaScript,1562
https://github.com/jquery/jquery-ui,JavaScript,8026
https://github.com/travis-ci/travis-ci,Ruby,2524
https://github.com/drupal/drupal,PHP,1340
https://github.com/defunkt/cijoe,Ruby,1049
https://github.com/uikit/uikit,CSS,2025
https://github.com/jejacks0n/mercury,JavaScript,1887
https://github.com/myell0w/MTStatusBarOverlay,Objective-C,1690
https://github.com/octocat/Hello-World,null,1356
https://github.com/meltingice/CamanJS,CoffeeScript,1206
https://github.com/simsalabim/sisyphus,JavaScript,1429
https://github.com/fabpot/PHP-CS-Fixer,PHP,1158
https://github.com/isaacs/node-supervisor,JavaScript,1471
https://github.com/jackmoore/colorbox,JavaScript,3039
https://github.com/spumko/hapi,JavaScript,1544
https://github.com/airbnb/javascript,null,7547
https://github.com/postrank-labs/goliath,Ruby,1835
https://github.com/appcelerator/titanium_mobile,JavaScript,1610
https://github.com/pyrocms/pyrocms,PHP,1681
https://github.com/TeehanLax/Hyperlapse.js,JavaScript,1456
https://github.com/bkeepers/dotenv,Ruby,1095
https://github.com/jquery-boilerplate/jquery-boilerplate,JavaScript,1639
https://github.com/kangax/fabric.js,JavaScript,2636
https://github.com/harthur/brain,JavaScript,1995
https://github.com/codegangsta/martini,Go,2664
https://github.com/leah/PullToRefresh,Objective-C,1866
https://github.com/visionmedia/commander.js,JavaScript,1719
https://github.com/scottjehl/picturefill,JavaScript,3685
https://github.com/keithw/mosh,C++,2508
https://github.com/gnachman/iTerm2,Objective-C,1553
https://github.com/guillaumepotier/Parsley.js,JavaScript,4382
https://github.com/sintaxi/harp,JavaScript,1565
https://github.com/tmpvar/jsdom,JavaScript,2568
https://github.com/37signals/mail_view,Ruby,1161
https://github.com/mattt/FormatterKit,Objective-C,1781
https://github.com/fabpot/Twig,PHP,2041
https://github.com/ddollar/foreman,Ruby,2184
https://github.com/scrooloose/syntastic,VimL,2804
https://github.com/RailsApps/rails-composer,Ruby,1618
https://github.com/mislav/will_paginate,Ruby,3819
https://github.com/rails-api/rails-api,Ruby,2740
https://github.com/purplecabbage/phonegap-plugins,Java,1063
https://github.com/technicalpickles/homesick,Ruby,1016
https://github.com/benedmunds/CodeIgniter-Ion-Auth,PHP,1133
https://github.com/wvanbergen/request-log-analyzer,Ruby,1525
https://github.com/adobe/brackets,JavaScript,13759
https://github.com/scikit-learn/scikit-learn,C,2188
https://github.com/wandoledzep/bxslider-4,JavaScript,1142
https://github.com/MugunthKumar/MKNetworkKit,Objective-C,1929
https://github.com/hakimel/stroll.js,JavaScript,2780
https://github.com/chjj/tty.js,JavaScript,1407
https://github.com/github/android,Java,3399
https://github.com/xdissent/ievms,Shell,6404
https://github.com/lockitron/selfstarter,Ruby,2427
https://github.com/jimhigson/oboe.js,JavaScript,2786
https://github.com/cowboyd/therubyracer,C++,1067
https://github.com/mojombo/jekyll,Ruby,13229
https://github.com/jakiestfu/Behave.js,JavaScript,1354
https://github.com/samuelclay/NewsBlur,Python,3074
https://github.com/rubber/rubber,Ruby,1157
https://github.com/engineyard/ey-cloud-recipes,Ruby,1004
https://github.com/stympy/faker,Ruby,1023
https://github.com/mathiasbynens/dotfiles,VimL,7716
https://github.com/twitter/typeahead.js,JavaScript,5941
https://github.com/phpDocumentor/phpDocumentor2,PHP,1045
https://github.com/jnicklas/capybara,Ruby,4259
https://github.com/balderdashy/sails,JavaScript,4590
https://github.com/playframework/play1,Python,1472
https://github.com/brianchirls/Seriously.js,JavaScript,2301
https://github.com/defunkt/dotjs,Ruby,1149
https://github.com/ichord/At.js,JavaScript,2083
https://github.com/scottschiller/SoundManager2,JavaScript,1405
https://github.com/onevcat/VVDocumenter-Xcode,Objective-C,1445
https://github.com/dotcloud/docker,Go,8601
https://github.com/madrobby/keymaster,JavaScript,3793
https://github.com/visionmedia/rework,JavaScript,1042
https://github.com/gorakhargosh/watchdog,Python,1054
https://github.com/farbrausch/fr_public,C++,1148
https://github.com/vmg/redcarpet,C,1910
https://github.com/ReactiveCocoa/ReactiveCocoa,Objective-C,2866
https://github.com/sorin-ionescu/prezto,Shell,1571
https://github.com/jshint/jshint,JavaScript,2769
https://github.com/chrisbanes/Android-PullToRefresh,Java,2707
https://github.com/theintern/intern,JavaScript,1522
https://github.com/noflo/noflo,CoffeeScript,1063
https://github.com/chrisbanes/ActionBar-PullToRefresh,Java,1679
https://github.com/getify/LABjs,JavaScript,1037
https://github.com/flatiron/flatiron,JavaScript,1105
https://github.com/enyojs/enyo,JavaScript,1656
https://github.com/rethinkdb/rethinkdb,C++,5070
https://github.com/mozilla/shumway,ActionScript,2121
https://github.com/viljamis/ResponsiveSlides.js,JavaScript,1997
https://github.com/karma-runner/karma,JavaScript,2932
https://github.com/github/linguist,Ruby,1547
https://github.com/openframeworks/openFrameworks,C,2582
https://github.com/eddiemachado/bones,CSS,1980
https://github.com/tildeio/rsvp.js,JavaScript,1422
https://github.com/peers/peerjs,JavaScript,1776
https://github.com/faye/faye,JavaScript,2301
https://github.com/antialize/wkhtmltopdf,C++,1325
https://github.com/mintchaos/flippant.js,JavaScript,1332
https://github.com/kenkeiter/skeuocard,JavaScript,2827
https://github.com/burke/zeus,Go,2278
https://github.com/twigkit/semantic.gs,JavaScript,1401
https://github.com/kennethreitz/envoy,Python,1181
https://github.com/brynary/webrat,Ruby,1550
https://github.com/malsup/form,JavaScript,2160
https://github.com/androidquery/androidquery,Java,1014
https://github.com/SamyPesse/How-to-Make-a-Computer-Operating-System,C,3899
https://github.com/aurajs/aura,JavaScript,2593
https://github.com/resmo/git-ftp,Shell,1343
https://github.com/v8/v8,C++,1572
https://github.com/elasticsearch/elasticsearch,Java,5446
https://github.com/sciactive/pnotify,CSS,1028
https://github.com/sindresorhus/quick-look-plugins,null,1401
https://github.com/icefox/git-achievements,Shell,1053
https://github.com/srobbin/jquery-pageslide,JavaScript,1550
https://github.com/Homebrew/homebrew,Ruby,15267
https://github.com/silviomoreto/bootstrap-select,JavaScript,1352
https://github.com/blueimp/jQuery-File-Upload,JavaScript,14522
https://github.com/github/github-services,Ruby,1291
https://github.com/anchorcms/anchor-cms,PHP,1660
https://github.com/vcr/vcr,Ruby,1576
https://github.com/omz/ColorSense-for-Xcode,Objective-C,1378
https://github.com/paulkinzett/toolbar,JavaScript,1629
https://github.com/nex3/sass,Ruby,2885
https://github.com/collectiveidea/awesome_nested_set,Ruby,1228
https://github.com/worrydream/Tangle,JavaScript,1117
https://github.com/scrod/nv,Objective-C,1256
https://github.com/drapergem/draper,Ruby,2214
https://github.com/ValveSoftware/steam-for-linux,null,1398
https://github.com/maxogden/art-of-node,JavaScript,1499
https://github.com/creationix/nvm,Shell,2823
https://github.com/TTimo/doom3.gpl,C++,3170
https://github.com/mattt/TTTAttributedLabel,Objective-C,1973
https://github.com/surfly/gevent,Python,1160
https://github.com/Bukkit/CraftBukkit,Java,1995
https://github.com/github/janky,Ruby,1881
https://github.com/alexgorbatchev/syntaxhighlighter,JavaScript,2515
https://github.com/dnschneid/crouton,Shell,1235
https://github.com/MediaCrush/MediaCrush,JavaScript,1009
https://github.com/mgonto/restangular,JavaScript,2293
https://github.com/ccampbell/mousetrap,JavaScript,4354
https://github.com/klazuka/Kal,Objective-C,1203
https://github.com/GoogleChrome/chrome-app-samples,JavaScript,1965
https://github.com/sequelize/sequelize,JavaScript,1493
https://github.com/norman/friendly_id,Ruby,2439
https://github.com/LeaVerou/animatable,JavaScript,1476
https://github.com/cocos2d/cocos2d-x,C,2662
https://github.com/jrburke/almond,JavaScript,1317
https://github.com/arshaw/fullcalendar,JavaScript,2596
https://github.com/adamwdraper/Numeral-js,JavaScript,1383
https://github.com/cdnjs/cdnjs,JavaScript,1663
https://github.com/limetext/lime,Go,5705
https://github.com/browsermedia/browsercms,Ruby,1732
https://github.com/ravendb/ravendb,C#,1095
https://github.com/robbiehanson/CocoaAsyncSocket,Objective-C,2043
https://github.com/lostisland/faraday,Ruby,1687
https://github.com/visionmedia/move.js,JavaScript,1521
https://github.com/roots/roots,PHP,3830
https://github.com/twitter/zipkin,Scala,1619
https://github.com/neo/ruby_koans,Ruby,1935
https://github.com/adamschwartz/log,JavaScript,1948
https://github.com/samcollins/css-social-buttons,null,1106
https://github.com/samuraisam/pyapns,Python,1171
https://github.com/rails/jquery-ujs,JavaScript,1896
https://github.com/guillaumepotier/Garlic.js,JavaScript,1594
https://github.com/bitwiseshiftleft/sjcl,JavaScript,1864
https://github.com/danlucraft/git.js,JavaScript,1189
https://github.com/viljamis/responsive-nav.js,JavaScript,2244
https://github.com/GumbyFramework/Gumby,CSS,1857
https://github.com/HubSpot/odometer,CSS,3168
https://github.com/buger/gor,Go,1033
https://github.com/teambox/teambox,Ruby,1765
https://github.com/locomotivecms/engine,Ruby,1614
https://github.com/0xced/iOS-Artwork-Extractor,Objective-C,1931
https://github.com/boto/boto,Python,3400
https://github.com/mono/MonoGame,C#,1784
https://github.com/moot/riotjs,JavaScript,1771
https://github.com/rest-client/rest-client,Ruby,1778
https://github.com/DanielWaterworth/Raphters,C,1160
https://github.com/faif/python-patterns,Python,2188
https://github.com/CanvasPod/Canvas,Objective-C,1654
https://github.com/lihaoyi/macropy,Python,1219
https://github.com/dart-lang/spark,Dart,1159
https://github.com/michaeldv/awesome_print,Ruby,1711
https://github.com/MantleFramework/Mantle,Objective-C,2175
https://github.com/fikovnik/ShiftIt,Objective-C,1280
https://github.com/dhg/Skeleton,JavaScript,4098
https://github.com/OscarGodson/EpicEditor,JavaScript,2850
https://github.com/for-GET/know-your-http-well,Emacs Lisp,1264
https://github.com/sorccu/cufon,JavaScript,2108
https://github.com/harvesthq/chosen,JavaScript,14375
https://github.com/louischatriot/nedb,JavaScript,1282
https://github.com/tonymillion/Reachability,Objective-C,2110
https://github.com/spree/spree,Ruby,4611
https://github.com/danwrong/restler,JavaScript,1102
https://github.com/kennethreitz/requests,Python,8374
https://github.com/ggreer/the_silver_searcher,C,2700
https://github.com/amix/vimrc,VimL,1289
https://github.com/defunkt/facebox,JavaScript,1861
https://github.com/iambus/xunlei-lixian,Python,1322
https://github.com/railsbp/rails_best_practices,Ruby,2136
https://github.com/vakata/jstree,JavaScript,1071
https://github.com/sole/tween.js,JavaScript,1476
https://github.com/ajkochanowicz/Kickstrap,JavaScript,1545
https://github.com/filamentgroup/grunticon,JavaScript,1295
https://github.com/progit/progit,Ruby,3853
https://github.com/sehmaschine/django-grappelli,JavaScript,1068
https://github.com/etsy/deployinator,JavaScript,1319
https://github.com/nicklockwood/iCarousel,Objective-C,2617
https://github.com/ricardochimal/taps,Ruby,1033
https://github.com/todc/todc-bootstrap,CSS,1532
https://github.com/bobthecow/mustache.php,PHP,1556
https://github.com/bgrins/devtools-snippets,JavaScript,1396
https://github.com/ericdrowell/KineticJS,JavaScript,2155
https://github.com/marijnh/tern,JavaScript,1050
https://github.com/karmi/retire,Ruby,1614
https://github.com/tonytomov/jqGrid,JavaScript,1384
https://github.com/angular-app/angular-app,JavaScript,2350
https://github.com/bebraw/jswiki,JavaScript,2795
https://github.com/shipyard/shipyard,Python,1050
https://github.com/ubuwaits/css3-buttons,CSS,1305
https://github.com/the-teacher/cocktails_for_programmers,null,2033
https://github.com/Umkus/nginx-boilerplate,PHP,1516
https://github.com/kennethreitz/osx-gcc-installer,null,2781
https://github.com/einars/js-beautify,JavaScript,1783
https://github.com/AFNetworking/AFNetworking,Objective-C,10186
https://github.com/nicolasff/phpredis,C,1482
https://github.com/jverkoey/iOS-Framework,Objective-C,1040
https://github.com/davatron5000/Lettering.js,JavaScript,3163
https://github.com/eternicode/bootstrap-datepicker,JavaScript,3699
https://github.com/square/cubism,JavaScript,2783
https://github.com/socketstream/socketstream,JavaScript,2762
https://github.com/joyent/http-parser,C,1282
https://github.com/cliftonc/calipso,JavaScript,1340
https://github.com/divio/django-cms,Python,2502
https://github.com/goldfire/howler.js,JavaScript,1828
https://github.com/irungentoo/ProjectTox-Core,C,3504
https://github.com/sferik/twitter,Ruby,2506
https://github.com/digitalfruit/limejs,JavaScript,1156
https://github.com/unconed/TermKit,JavaScript,3996
https://github.com/bjorn/tiled,C++,1484
https://github.com/soyjavi/QuoJS,CoffeeScript,1190
https://github.com/hashicorp/serf,Go,1205
https://github.com/swanson/stringer,Ruby,2026
https://github.com/h5bp/server-configs-nginx,null,1884
https://github.com/deployd/deployd,JavaScript,1815
https://github.com/SamyPesse/reportr,JavaScript,1799
https://github.com/Modernizr/Modernizr,JavaScript,10968
https://github.com/sokolovstas/SublimeWebInspector,Python,1711
https://github.com/37signals/sub,Shell,1022
https://github.com/svenfuchs/rails-i18n,Ruby,1891
https://github.com/haml/haml,Ruby,2295
https://github.com/audreyr/favicon-cheat-sheet,null,4505
https://github.com/mikeric/rivets,JavaScript,1277
https://github.com/Spaceman-Labs/SMPageControl,Objective-C,1123
https://github.com/TheRealKerni/HockeyKit,Objective-C,1562
https://github.com/mrdoob/stats.js,JavaScript,1311
https://github.com/intridea/hashie,Ruby,1126
https://github.com/gollum/gollum,JavaScript,3918
https://github.com/senchalabs/jQTouch,CSS,2753
https://github.com/EnterpriseQualityCoding/FizzBuzzEnterpriseEdition,Java,1737
https://github.com/cujojs/when,JavaScript,1246
https://github.com/trentrichardson/jQuery-Timepicker-Addon,CSS,1790
https://github.com/tenXer/xcharts,JavaScript,1406
https://github.com/toddmotto/echo,JavaScript,1380
https://github.com/isagalaev/highlight.js,JavaScript,2020
https://github.com/gilbitron/Pico,PHP,1004
https://github.com/SublimeLinter/SublimeLinter,JavaScript,2160
https://github.com/aristath/elusive-iconfont,CSS,2037
https://github.com/square/SocketRocket,Python,2055
https://github.com/php/php-src,C,3677
https://github.com/sparklemotion/mechanize,Ruby,1750
https://github.com/ctran/annotate_models,Ruby,1145
https://github.com/McPants/jquery.shapeshift,CoffeeScript,1287
https://github.com/jquery/jquery,JavaScript,27519
https://github.com/themeskult/wp-svbtle,PHP,1268
https://github.com/sintaxi/phonegap,JavaScript,1789
https://github.com/tower/tower,CoffeeScript,1601
https://github.com/andymccurdy/redis-py,Python,2246
https://github.com/rails/rails,Ruby,20429
https://github.com/midgetspy/Sick-Beard,Python,2538
https://github.com/shower/shower,JavaScript,1595
https://github.com/pat/thinking-sphinx,Ruby,1309
https://github.com/jairajs89/Touchy.js,JavaScript,1056
https://github.com/jeromeetienne/jquery-qrcode,JavaScript,1040
https://github.com/malclocke/fulcrum,JavaScript,1183
https://github.com/Shopify/liquid,Ruby,2077
https://github.com/jorgebastida/glue,Python,2046
https://github.com/kennethreitz/python-guide,Python,3908
https://github.com/saasbook/hw3_rottenpotatoes,Ruby,3782
https://github.com/serbanghita/Mobile-Detect,PHP,2339
https://github.com/jquery-boilerplate/jquery-patterns,JavaScript,1037
https://github.com/kraih/mojo,Perl,1073
https://github.com/ciaranj/node-oauth,JavaScript,1148
https://github.com/MojoJolo/textteaser,Scala,1309
https://github.com/ckolivas/cgminer,C,1043
https://github.com/ducksboard/gridster.js,JavaScript,3248
https://github.com/fish-shell/fish-shell,C++,2364
https://github.com/spf13/spf13-vim,VimL,2727
https://github.com/evilstreak/markdown-js,JavaScript,1820
https://github.com/collectiveidea/delayed_job,Ruby,2833
https://github.com/TechEmpower/FrameworkBenchmarks,PHP,1008
https://github.com/colszowka/simplecov,Ruby,1485
https://github.com/obfuscurity/tasseo,JavaScript,1077
https://github.com/robertpenner/as3-signals,ActionScript,1007
https://github.com/AppScale/appscale,Python,1121
https://github.com/thearn/webcam-pulse-detector,Python,1607
https://github.com/numpy/numpy,C,1094
https://github.com/twitter/CocoaSPDY,Objective-C,1210
https://github.com/zurb/ink,PHP,3126
https://github.com/LMAX-Exchange/disruptor,Java,1489
https://github.com/diaspora/diaspora,Ruby,8833
https://github.com/blakeembrey/code-problems,JavaScript,2413
https://github.com/lokesh/color-thief,JavaScript,1577
https://github.com/openstack/nova,Python,1092
https://github.com/thoughtbot/laptop,Shell,1731
https://github.com/LeaVerou/csss,JavaScript,1035
https://github.com/murtaugh/HTML5-Reset,JavaScript,1250
https://github.com/yui/yui3,JavaScript,2384
https://github.com/aasm/aasm,Ruby,1220
https://github.com/justjavac/free-programming-books-zh_CN,null,1243
https://github.com/nicklockwood/FXBlurView,Objective-C,1193
https://github.com/Valloric/YouCompleteMe,C++,3859
https://github.com/addyosmani/grunt-uncss,CSS,1154
https://github.com/SamyPesse/tv.js,JavaScript,1222
https://github.com/angular/angularjs-batarang,JavaScript,1056
https://github.com/NancyFx/Nancy,C#,1870
https://github.com/razorjack/quicksand,JavaScript,1612
https://github.com/scala/scala,Scala,1997
https://github.com/johnpolacek/scrollorama,JavaScript,2110
https://github.com/apenwarr/bup,Python,1618
https://github.com/flightjs/flight,JavaScript,4654
https://github.com/celluloid/celluloid,Ruby,2083
https://github.com/mailru/FileAPI,JavaScript,1380
https://github.com/mozilla/BrowserQuest,JavaScript,3548
https://github.com/kohana/kohana,PHP,1349
https://github.com/maxogden/dat,JavaScript,1246
https://github.com/Lokaltog/vim-powerline,VimL,2306
https://github.com/Induction/Induction,Objective-C,2583
https://github.com/opserver/Opserver,C#,1214
https://github.com/hoisie/web,Go,1834
https://github.com/nojhan/liquidprompt,Shell,1050
https://github.com/notahat/machinist,Ruby,1114
https://github.com/brianmario/mysql2,Ruby,1051
https://github.com/h5bp/Effeckt.css,CSS,7399
https://github.com/ipython/ipython,Python,2907
https://github.com/ankane/chartkick,JavaScript,1843
https://github.com/apneadiving/Google-Maps-for-Rails,JavaScript,1501
https://github.com/nicklockwood/iRate,Objective-C,1383
https://github.com/guardian/frontend,JavaScript,1726
https://github.com/Leimi/drawingboard.js,JavaScript,1019
https://github.com/ryanb/cancan,Ruby,5189
https://github.com/square/retrofit,Java,1164
https://github.com/levey/AwesomeMenu,Objective-C,3102
https://github.com/defunkt/gist,Ruby,1135
https://github.com/fuel/fuel,PHP,1295
https://github.com/symfony/symfony,PHP,7538
https://github.com/douglascrockford/JSLint,JavaScript,1826
https://github.com/fzaninotto/Faker,PHP,2598
https://github.com/stffn/declarative_authorization,Ruby,1169
https://github.com/owncloud/core,PHP,1728
https://github.com/adambom/parallel.js,JavaScript,1216
https://github.com/venomous0x/WhatsAPI,PHP,1491
https://github.com/overtone/overtone,Clojure,1421
https://github.com/carlhuda/janus,VimL,4912
https://github.com/Treesaver/treesaver,JavaScript,1051
https://github.com/quirkey/sammy,JavaScript,2391
https://github.com/sstephenson/prototype,JavaScript,2740
https://github.com/jokkedk/webgrind,Python,1023
https://github.com/sj26/mailcatcher,Ruby,1429
https://github.com/joelthelion/autojump,Python,1690
https://github.com/activerecord-hackery/ransack,Ruby,1220
https://github.com/elasticsearch/kibana,JavaScript,1097
https://github.com/rickharrison/validate.js,JavaScript,1062
https://github.com/photo/frontend,PHP,1078
https://github.com/nesquena/rabl,Ruby,2530
https://github.com/kennethcachia/Background-Check,JavaScript,1563
https://github.com/mruby/mruby,C,2302
https://github.com/desktoppr/wbench,Ruby,1263
https://github.com/ECSlidingViewController/ECSlidingViewController,Objective-C,2044
https://github.com/karan/Projects,Python,4022
https://github.com/peachananr/onepage-scroll,JavaScript,3286
https://github.com/dfcb/BigVideo.js,JavaScript,1336
https://github.com/DataTables/DataTables,JavaScript,1231
https://github.com/imakewebthings/deck.js,JavaScript,3839
https://github.com/addyosmani/jquery-ui-bootstrap,JavaScript,4778
https://github.com/technoweenie/restful-authentication,Ruby,1645
https://github.com/douglascrockford/JSON-js,JavaScript,3929
https://github.com/ThrivingKings/animo.js,CSS,1433
https://github.com/jnunemaker/httparty,Ruby,2192
https://github.com/idiot/unslider,CSS,1207
https://github.com/PixarAnimationStudios/OpenSubdiv,C++,1119
https://github.com/Leaflet/Leaflet,JavaScript,6513
https://github.com/dmauro/Keypress,CoffeeScript,1600
https://github.com/mikechambers/as3corelib,ActionScript,1369
https://github.com/k9mail/k-9,Java,1150
https://github.com/felixge/node-mysql,JavaScript,2845
https://github.com/github/hubot,CoffeeScript,4780
https://github.com/django/django,Python,8415
https://github.com/crosbymichael/dockerui,CSS,1146
https://github.com/grosser/parallel_tests,Ruby,1068
https://github.com/ququplay/jquery-mobile-flat-ui-theme,CSS,1284
https://github.com/allending/Kiwi,Objective-C,1588
https://github.com/alexgorbatchev/SyntaxHighlighter,JavaScript,2504
https://github.com/joomla/joomla-cms,PHP,1069
https://github.com/nothingmagical/cheddar-ios,Objective-C,2633
https://github.com/discourse/discourse,Ruby,8682
https://github.com/ginatrapani/ThinkUp,PHP,2863
https://github.com/hassox/warden,Ruby,1207
https://github.com/radiant/radiant,Ruby,1486
https://github.com/JagCesar/iOS-blur,Objective-C,1190
https://github.com/kstenerud/iOS-Universal-Framework,Python,1901
https://github.com/mattgallagher/AudioStreamer,Objective-C,1061
https://github.com/aziz/tmuxinator,Ruby,1803
https://github.com/jruby/jruby,Ruby,1609
https://github.com/nicolargo/glances,Python,1774
https://github.com/torvalds/linux,C,11662
https://github.com/octokit/octokit.rb,Ruby,1379
https://github.com/honcheng/iOSPlot,Objective-C,1023
https://github.com/NaturalNode/natural,JavaScript,1785
https://github.com/philsturgeon/codeigniter-restserver,PHP,1567
https://github.com/Marak/Faker.js,JavaScript,1998
https://github.com/nathansearles/Slides,CoffeeScript,1361
https://github.com/laverdet/node-fibers,C,1129
https://github.com/tbranyen/backbone.layoutmanager,JavaScript,1511
https://github.com/tinkerpop/gremlin,Java,1055
https://github.com/jakiestfu/Medium.js,JavaScript,2286
https://github.com/pa7/heatmap.js,JavaScript,1383
https://github.com/23/resumable.js,JavaScript,1757
https://github.com/Bukkit/Bukkit,Java,1438
https://github.com/TryGhost/Ghost,JavaScript,7576
https://github.com/pkluz/PKRevealController,Objective-C,1689
https://github.com/websanova/js-url,JavaScript,1265
https://github.com/mattgemmell/MGTwitterEngine,Objective-C,1207
https://github.com/codeguy/php-the-right-way,CSS,2039
https://github.com/jeromegn/Backbone.localStorage,JavaScript,1284
https://github.com/JeffreyWay/Laravel-4-Generators,PHP,1133
https://github.com/robbiehanson/CocoaLumberjack,Objective-C,2241
https://github.com/MrRio/jsPDF,JavaScript,1749
https://github.com/marcuswestin/WebViewJavascriptBridge,Objective-C,1046
https://github.com/sprinkle-tool/sprinkle,Ruby,1137
https://github.com/sofish/pen,JavaScript,1664
https://github.com/maraujop/django-crispy-forms,Python,1374
https://github.com/maccman/macgap,Objective-C,1704
https://github.com/taitems/Aristo-jQuery-UI-Theme,JavaScript,1455
https://github.com/tmort/Socialite,JavaScript,1466
https://github.com/justspamjustin/junior,CSS,1408
https://github.com/jnordberg/wintersmith,CoffeeScript,1235
https://github.com/Pixelkit/PixelKit-Bootstrap-UI-Kits,CSS,3625
https://github.com/ExactTarget/fuelux,JavaScript,3140
https://github.com/danvk/dygraphs,JavaScript,1123
https://github.com/lg/murder,Python,1688
https://github.com/gravityonmars/Balloons.IO,JavaScript,1669
https://github.com/binaryjs/binaryjs,JavaScript,1067
https://github.com/lloyd/yajl,C,1020
https://github.com/al3x/sovereign,Ruby,2447
https://github.com/ccampbell/rainbow,JavaScript,1982
https://github.com/sferik/t,Ruby,1527
https://github.com/defunkt/jquery-pjax,JavaScript,8123
https://github.com/kentnguyen/KNSemiModalViewController,Objective-C,1043
https://github.com/ha/doozerd,Go,1735
https://github.com/shakyShane/browser-sync,JavaScript,1080
https://github.com/javan/whenever,Ruby,4048
https://github.com/mongodb/node-mongodb-native,JavaScript,2597
https://github.com/robbiehanson/CocoaHTTPServer,Objective-C,1470
https://github.com/rails/turbolinks,CoffeeScript,2301
https://github.com/benoitc/gunicorn,Python,1643
https://github.com/umpirsky/country-list,PHP,1169
https://github.com/LearnBoost/kue,JavaScript,1457
https://github.com/composer/composer,PHP,3153
https://github.com/square/picasso,Java,1592
https://github.com/alexgorbatchev/jquery-textext,JavaScript,1017
https://github.com/bundler/bundler,Ruby,2284
https://github.com/monospacecollective/MSDynamicsDrawerViewController,Objective-C,1820
https://github.com/tweepy/tweepy,Python,1863
https://github.com/jmpressjs/jmpress.js,JavaScript,1213
https://github.com/omnigroup/OmniGroup,Objective-C,1548
https://github.com/angular-ui/bootstrap,JavaScript,3361
https://github.com/1602/jugglingdb,JavaScript,1000
https://github.com/shichuan/javascript-patterns,JavaScript,4469
https://github.com/mpospese/MPFoldTransition,Objective-C,1471
https://github.com/robbiehanson/XMPPFramework,Objective-C,1308
https://github.com/scrooloose/nerdtree,VimL,2937
https://github.com/phonegap/phonegap-plugins,Java,3656
https://github.com/redis/redis-rb,Ruby,1705
https://github.com/prawnpdf/prawn,Ruby,2217
https://github.com/martinblech/xmltodict,Python,1108
https://github.com/yhat/ggplot,Python,1375
https://github.com/bundestag/gesetze,null,1092
https://github.com/thoughtbot/factory_girl,Ruby,3245
https://github.com/josevalim/rails-footnotes,Ruby,1158
https://github.com/posabsolute/jQuery-Validation-Engine,JavaScript,1602
https://github.com/jwysiwyg/jwysiwyg,JavaScript,1085
https://github.com/mroth/lolcommits,Ruby,2117
https://github.com/bazaarlabs/gitdocs,JavaScript,1092
https://github.com/guard/guard-livereload,Ruby,1033
https://github.com/verekia/initializr,JavaScript,1017
https://github.com/joyent/libuv,C,2036
https://github.com/baconjs/bacon.js,JavaScript,1858
https://github.com/mperham/sidekiq,Ruby,3443
https://github.com/AlanQuatermain/AQGridView,Objective-C,2178
https://github.com/jfeinstein10/SlidingMenu,Java,4563
https://github.com/fitztrev/shuttle,Objective-C,1142
https://github.com/sstephenson/rbenv,Shell,4341
https://github.com/khamidou/kite,Python,1052
https://github.com/nostalgiaz/bootstrap-switch,JavaScript,2022
https://github.com/gulpjs/gulp,JavaScript,1146
https://github.com/nicolasgramlich/AndEngine,Java,1820
https://github.com/facebook/xctool,Objective-C,2387
https://github.com/moredip/Frank,Objective-C,1060
https://github.com/joewalnes/websocketd,Go,2694
https://github.com/ajaxorg/cloud9,JavaScript,4458
https://github.com/zynga/scroller,JavaScript,1286
https://github.com/RuudBurger/CouchPotatoServer,Python,1178
https://github.com/JakeWharton/NineOldAndroids,Java,1057
https://github.com/abraham/twitteroauth,PHP,2159
https://github.com/kentonv/capnproto,C++,1136
https://github.com/tuupola/jquery_lazyload,JavaScript,2197
https://github.com/imsky/holder,JavaScript,2710
https://github.com/natew/obtvse,Ruby,1522
https://github.com/samvermette/SVPullToRefresh,Objective-C,1591
https://github.com/angular-ui/ui-router,JavaScript,1734
https://github.com/AliSoftware/OHAttributedLabel,Objective-C,1165
https://github.com/mwaterfall/MWFeedParser,Objective-C,1309
https://github.com/dangrossman/bootstrap-daterangepicker,JavaScript,2239
https://github.com/intridea/grape,Ruby,3796
https://github.com/sloria/TextBlob,Python,1448
https://github.com/imulus/retinajs,JavaScript,2278
https://github.com/voronianski/jquery.avgrund.js,CSS,1344
https://github.com/dmitryf/elements,null,1131
https://github.com/sqlmapproject/sqlmap,Python,1482
https://github.com/davidhalter/jedi-vim,VimL,1068
https://github.com/tastejs/todomvc,JavaScript,8244
https://github.com/Atmosphere/atmosphere,Java,1536
https://github.com/libgit2/libgit2,C,3534
https://github.com/johannilsson/android-actionbar,Java,1178
https://github.com/activerecord-hackery/squeel,Ruby,1562
https://github.com/andreafabrizi/Dropbox-Uploader,Shell,1825
https://github.com/sproutcore/sproutcore,JavaScript,2017
https://github.com/libgdx/libgdx,C,2446
https://github.com/needim/noty,JavaScript,2880
https://github.com/mikel/mail,Ruby,1634
https://github.com/donnfelker/android-bootstrap,Java,2063
https://github.com/ryanb/ruby-warrior,Ruby,1777
https://github.com/cheeaun/life,null,1880
https://github.com/jagregory/fluent-nhibernate,C#,1052
https://github.com/fogleman/Minecraft,Python,1491
https://github.com/Idered/Editr.js,CSS,1085
https://github.com/ariya/esprima,JavaScript,1374
https://github.com/HabitRPG/habitrpg,JavaScript,1220
https://github.com/Bitmessage/PyBitmessage,Python,1065
https://github.com/CreateJS/EaselJS,JavaScript,3055
https://github.com/collectiveip/prerender,JavaScript,1181
https://github.com/typeplate/typeplate.github.io,JavaScript,1403
https://github.com/JangoSteve/jquery-dynatable,JavaScript,1361
https://github.com/tuupola/jquery_jeditable,JavaScript,1267
https://github.com/necolas/css3-github-buttons,null,1024
https://github.com/savonrb/savon,Ruby,1104
https://github.com/rstacruz/js2coffee,JavaScript,1217
https://github.com/aphyr/riemann,Clojure,1183
https://github.com/josevalim/inherited_resources,Ruby,2204
https://github.com/kkga/spacegray,null,1786
https://github.com/share/ShareJS,JavaScript,2449
https://github.com/boxen/our-boxen,Ruby,1582
https://github.com/cameronmcefee/plax,JavaScript,1162
https://github.com/mrclay/minify,PHP,1230
https://github.com/keyboardsurfer/Crouton,Java,1109
https://github.com/astaxie/build-web-application-with-golang,Go,2539
https://github.com/amsul/pickadate.js,JavaScript,3474
https://github.com/wojodesign/simplecart-js,JavaScript,1162
https://github.com/paulasmuth/recommendify,Ruby,1206
https://github.com/videojs/video.js,JavaScript,4471
https://github.com/mjibson/goread,JavaScript,1827
https://github.com/logstash/logstash,Ruby,1916
https://github.com/jverkoey/nimbus,Objective-C,3457
https://github.com/mozilla/sweet.js,JavaScript,1321
https://github.com/twitter/twui,Objective-C,2390
https://github.com/NUKnightLab/TimelineJS,JavaScript,5743
https://github.com/mozilla/pdf.js,JavaScript,7442
https://github.com/WhisperSystems/TextSecure,Java,1291
https://github.com/wakaleo/game-of-life,XSLT,1433
https://github.com/Shopify/active_merchant,Ruby,2562
https://github.com/OpenKinect/libfreenect,C,1775
https://github.com/sporritt/jsPlumb,JavaScript,1299
https://github.com/videlalvaro/gifsockets,Java,1245
https://github.com/CocoaLumberjack/CocoaLumberjack,Objective-C,2347
https://github.com/jashkenas/underscore,JavaScript,10123
https://github.com/wagerfield/parallax,JavaScript,4975
https://github.com/linkedin/dustjs,JavaScript,1070
https://github.com/adobe-webplatform/Snap.svg,JavaScript,3086
https://github.com/brynary/rack-bug,Ruby,1044
https://github.com/github/Mantle,Objective-C,2075
https://github.com/tobiasahlin/SpinKit,null,4504
https://github.com/twitter/hogan.js,JavaScript,3144
https://github.com/remy/jsbin,JavaScript,1470
https://github.com/NYTimes/objective-c-style-guide,null,1924
https://github.com/igrigorik/em-websocket,Ruby,1132
https://github.com/olado/doT,JavaScript,1284
https://github.com/chriseppstein/compass,Ruby,5014
https://github.com/tapquo/Lungo.js,CSS,1896
https://github.com/geokit/geokit,Ruby,1026
https://github.com/scalaz/scalaz,Scala,1111
https://github.com/mootools/mootools-core,JavaScript,1935
https://github.com/Redth/PushSharp,C#,1486
https://github.com/tpope/vim-rails,VimL,2309
https://github.com/ServiceStack/ServiceStack,C#,2145
https://github.com/caolan/async,JavaScript,7101
https://github.com/Shopify/dashing,JavaScript,5753
https://github.com/paulirish/infinite-scroll,JavaScript,2651
https://github.com/phonegap/phonegap-start,JavaScript,3003
https://github.com/mame/quine-relay,Ruby,2984
https://github.com/visionmedia/express,JavaScript,11737
https://github.com/indutny/node-spdy,JavaScript,1133
https://github.com/srobbin/jquery-backstretch,JavaScript,2299
https://github.com/jonleighton/spring,Ruby,1306
https://github.com/mattt/Xcode-Snippets,Objective-C,1084
https://github.com/twitter/recess,CSS,1612
https://github.com/craftyjs/Crafty,JavaScript,1115
https://github.com/ngbp/ng-boilerplate,JavaScript,1463
https://github.com/JosephLenton/PHP-Error,PHP,1106
https://github.com/amdjs/amdjs-api,null,1213
https://github.com/appdotnet/api-spec,CSS,1075
https://github.com/clojure/clojurescript,Clojure,2636
https://github.com/mindmup/bootstrap-wysiwyg,JavaScript,3396
https://github.com/wg/wrk,C,2440
https://github.com/chrismiles/CMPopTipView,Objective-C,1328
https://github.com/filp/whoops,PHP,1120
https://github.com/resque/resque-scheduler,Ruby,1070
https://github.com/theonion/fartscroll.js,null,1614
https://github.com/marcuswestin/store.js,JavaScript,2085
https://github.com/tommcfarlin/WordPress-Plugin-Boilerplate,PHP,1247
https://github.com/bramp/js-sequence-diagrams,JavaScript,1664
https://github.com/philipwalton/solved-by-flexbox,Ruby,2098
https://github.com/mongodb/mongo,C++,4519
https://github.com/lowe/zxcvbn,CoffeeScript,1161
https://github.com/facebook/connect-js,JavaScript,1363
https://github.com/zenorocha/browser-diet,CSS,1083
https://github.com/omab/django-social-auth,Python,2025
https://github.com/kivy/python-for-android,C,1066
https://github.com/SamSaffron/MiniProfiler,C#,1128
https://github.com/NickQiZhu/dc.js,JavaScript,1221
https://github.com/propublica/upton,Ruby,1174
https://github.com/taobao/nginx-book,Python,1165
https://github.com/brunch/brunch,CoffeeScript,3110
https://github.com/basho/riak,Shell,1448
https://github.com/Semantic-Org/Semantic-UI,JavaScript,5950
https://github.com/ideashower/ShareKit,Objective-C,1833
https://github.com/ContinuumIO/bokeh,CoffeeScript,1359
https://github.com/mbleigh/acts-as-taggable-on,Ruby,2527
https://github.com/creationix/wheat,JavaScript,1115
https://github.com/qTip2/qTip2,JavaScript,1311
https://github.com/dejan/rails_panel,Ruby,1959
https://github.com/magento/magento2,PHP,1217
https://github.com/bbatsov/rails-style-guide,null,2302
https://github.com/medialize/URI.js,JavaScript,2107
https://github.com/maccman/juggernaut,JavaScript,1677
https://github.com/influxdb/influxdb,Go,1042
https://github.com/puppetlabs/puppet,Ruby,1715
https://github.com/paulasmuth/fnordmetric,JavaScript,3206
https://github.com/boxen/boxen,Ruby,1201
https://github.com/makeusabrew/bootbox,CoffeeScript,1792
https://github.com/Unitech/pm2,JavaScript,2259
https://github.com/mozilla/rust,Rust,3689
https://github.com/square/dagger,Java,1351
https://github.com/paypal/kraken-js,JavaScript,1971
https://github.com/robertdavidgraham/masscan,C,1047
https://github.com/Quartz/Chartbuilder,JavaScript,1162
https://github.com/kr/beanstalkd,C,1566
https://github.com/dgorissen/coursera-dl,Python,1318
https://github.com/less/less.js,JavaScript,9707
https://github.com/adambard/learnxinyminutes-docs,null,1392
https://github.com/path/FastImageCache,Objective-C,2893
https://github.com/geocoder-php/Geocoder,PHP,1219
https://github.com/densitydesign/raw,JavaScript,1192
https://github.com/nzakas/computer-science-in-javascript,JavaScript,1874
https://github.com/remy/nodemon,JavaScript,2432
https://github.com/mleibman/SlickGrid,JavaScript,3767
https://github.com/mythz/jquip,JavaScript,1347
https://github.com/ripple/ripple-client,JavaScript,1276
https://github.com/kriskowal/es5-shim,JavaScript,2145
https://github.com/arduino/Arduino,C,2451
https://github.com/flatiron/winston,JavaScript,1929
https://github.com/fzaninotto/uptime,JavaScript,1670
https://github.com/subprotocol/verlet-js,JavaScript,2649
https://github.com/rubinius/rubinius,Ruby,2008
https://github.com/fog/fog,Ruby,2864
https://github.com/zolrath/wemux,Shell,1405
https://github.com/bartaz/impress.js,JavaScript,18797
https://github.com/airbnb/infinity,JavaScript,1914
https://github.com/escoz/QuickDialog,Objective-C,2567
https://github.com/pagekite/Mailpile,Python,3372
https://github.com/HenrikJoreteg/SimpleWebRTC,JavaScript,1077
https://github.com/zefhemel/persistencejs,JavaScript,1071
https://github.com/functional-koans/clojure-koans,Clojure,1457
https://github.com/Prototik/HoloEverywhere,Java,1876
https://github.com/cappuccino/cappuccino,Objective-J,1966
https://github.com/stephenmcd/mezzanine,Python,1491
https://github.com/mozilla/persona,JavaScript,1474
https://github.com/zenorocha/alfred-workflows,null,2939
https://github.com/altercation/solarized,VimL,4922
https://github.com/mojombo/chronic,Ruby,1594
https://github.com/dtao/lazy.js,JavaScript,1452
https://github.com/bmabey/database_cleaner,Ruby,1052
https://github.com/timburks/nu,Objective-C,1766
https://github.com/linnovate/mean,JavaScript,2342
https://github.com/facebook/huxley,Python,2694
https://github.com/jverdi/JVFloatLabeledTextField,Objective-C,2258
https://github.com/aehlke/tag-it,JavaScript,1209
https://github.com/freqdec/slabText,JavaScript,1019
https://github.com/rstacruz/nprogress,JavaScript,5777
https://github.com/ooyala/barkeep,Ruby,1098
https://github.com/johnpolacek/superscrollorama,JavaScript,1532
https://github.com/driftyco/ionic,JavaScript,2404
https://github.com/typekit/webfontloader,JavaScript,1479
https://github.com/jkbr/httpie,Python,6350
https://github.com/SlexAxton/yepnope.js,JavaScript,2099
https://github.com/docopt/docopt,Python,2161
https://github.com/NoamB/sorcery,Ruby,1522
https://github.com/ckrack/fbootstrapp,JavaScript,1619
https://github.com/sprang/Inkpad,Objective-C,1659
https://github.com/madhums/node-express-mongoose-demo,JavaScript,1373
https://github.com/schacon/showoff,JavaScript,2664
https://github.com/atebits/SimFinger,Objective-C,1072
https://github.com/terryma/vim-multiple-cursors,VimL,1944
https://github.com/paperjs/paper.js,JavaScript,3398
https://github.com/madrobby/scriptaculous,JavaScript,2368
https://github.com/fluent/fluentd,Ruby,1499
https://github.com/joshuaclayton/blueprint-css,CSS,5123
https://github.com/jquery/qunit,JavaScript,2764
https://github.com/sprang/Brushes,Objective-C,1000
https://github.com/kennethreitz/clint,Python,1204
https://github.com/enormego/EGOTableViewPullRefresh,Objective-C,2320
https://github.com/rowanmanning/joblint,JavaScript,1363
https://github.com/kvz/phpjs,JavaScript,1190
https://github.com/IronSummitMedia/startbootstrap,CSS,1639
https://github.com/qiao/PathFinding.js,JavaScript,1799
https://github.com/django-extensions/django-extensions,Python,1741
https://github.com/defunkt/mustache,Ruby,1698
https://github.com/firstopinion/formatter.js,JavaScript,1843
https://github.com/adobe/source-code-pro,Shell,3481
https://github.com/artberri/sidr,JavaScript,1907
https://github.com/gazay/gon,Ruby,1045
https://github.com/chjj/marked,JavaScript,2745
https://github.com/yui/yuicompressor,Java,1290
https://github.com/alloy/terminal-notifier,Objective-C,1585
https://github.com/rs/SDWebImage,Objective-C,4223
https://github.com/visionmedia/superagent,JavaScript,1345
https://github.com/airblade/paper_trail,Ruby,2222
https://github.com/Itseez/opencv,C++,1840
https://github.com/flatland/drip,Shell,1003
https://github.com/fpillet/NSLogger,Objective-C,1939
https://github.com/mcavage/node-restify,JavaScript,1733
https://github.com/daneden/animate.css,CSS,8597
https://github.com/rspec/rspec-rails,Ruby,1704
https://github.com/coolwanglu/vim.js,C,1726
https://github.com/michaelficarra/CoffeeScriptRedux,CoffeeScript,1416
https://github.com/samsquire/ideas,null,2029
https://github.com/googlecreativelab/coder,JavaScript,1579
https://github.com/thecodepath/android_guides,null,2134
https://github.com/RuudBurger/CouchPotatoV1,Python,1075
https://github.com/numenta/nupic,C++,1101
https://github.com/pilu/web-app-theme,Ruby,2538
https://github.com/square/crossfilter,JavaScript,3150
https://github.com/spine/spine,JavaScript,2487
https://github.com/HubSpot/pace,CSS,3523
https://github.com/keithclark/selectivizr,JavaScript,1181
https://github.com/maker/ratchet,JavaScript,5773
https://github.com/daviferreira/medium-editor,JavaScript,2232
https://github.com/dchelimsky/rspec,Ruby,1778
https://github.com/thoughtbot/guides,Ruby,1422
https://github.com/jonikorpi/Golden-Grid-System,JavaScript,1510
https://github.com/macournoyer/thin,Ruby,1244
https://github.com/mirrors/linux-2.6,C,1891
https://github.com/ccoenraets/backbone-directory,PHP,1419
https://github.com/flyerhzm/bullet,Ruby,2142
https://github.com/holman/dotfiles,Shell,1949
https://github.com/thinkaurelius/titan,Java,1412
https://github.com/markevans/dragonfly,Ruby,1355
https://github.com/plataformatec/simple_form,Ruby,3994
https://github.com/bergie/create,JavaScript,1834
https://github.com/CreateJS/TweenJS,JavaScript,1025
https://github.com/celery/celery,Python,2314
https://github.com/adam-p/markdown-here,JavaScript,2583
https://github.com/sorich87/bootstrap-tour,CoffeeScript,1645
https://github.com/OpenEmu/OpenEmu,Objective-C,2727
https://github.com/slim-template/slim,Ruby,2323
https://github.com/facebook/react,JavaScript,3619
https://github.com/pypa/pip,Python,1058
https://github.com/carrierwaveuploader/carrierwave,Ruby,4570
https://github.com/creationix/js-git,JavaScript,1774
https://github.com/textmate/textmate,C++,9367
https://github.com/dan-silver/ElementTransitions.js,CSS,1043
https://github.com/omz/AppSales-Mobile,Objective-C,1765
https://github.com/vicpenap/PrettyKit,Objective-C,1232
https://github.com/mesos/spark,Scala,1386
https://github.com/xamarin/XobotOS,Java,1153
https://github.com/cloudhead/http-console,JavaScript,1138
https://github.com/oskarkrawczyk/heyoffline.js,CoffeeScript,1077
https://github.com/jhollingworth/bootstrap-wysihtml5,JavaScript,3434
https://github.com/cantino/huginn,Ruby,3186
https://github.com/mono/mono,C#,1848
https://github.com/jlong/sass-bootstrap,JavaScript,2619
https://github.com/furf/jquery-ui-touch-punch,JavaScript,1717
https://github.com/rg3/youtube-dl,Python,3279
https://github.com/pauldix/feedzirra,Ruby,1459
https://github.com/inconshreveable/ngrok,Go,1169
https://github.com/ylechelle/OpenUDID,Objective-C,1052
https://github.com/SachaG/Telescope,JavaScript,1344
https://github.com/facebook/facebook-ios-sdk,Objective-C,4070
https://github.com/intridea/oauth2,Ruby,1028
https://github.com/joemccann/dillinger,CSS,1324
https://github.com/tomaz/appledoc,Objective-C,1885
https://github.com/airportyh/testem,JavaScript,1335
https://github.com/filamentgroup/SocialCount,JavaScript,1150
https://github.com/nomad/cupertino,Ruby,1659
https://github.com/jquerytools/jquerytools,JavaScript,1834
https://github.com/google/gumbo-parser,C,2685
https://github.com/mitsuhiko/jinja2,Python,1485
https://github.com/manuelkiessling/NodeBeginnerBook,CSS,1345
https://github.com/raspberrypi/linux,C,1375
https://github.com/LearnBoost/socket.io-client,JavaScript,2105
https://github.com/insoshi/insoshi,Ruby,1554
https://github.com/travisjeffery/timecop,Ruby,1123
https://github.com/pokeb/asi-http-request,Objective-C,4788
https://github.com/h5bp/html5-boilerplate,CSS,23604
https://github.com/jamesflorentino/nanoScrollerJS,JavaScript,1270
https://github.com/JoelBesada/scrollpath,JavaScript,2242
https://github.com/thoughtbot/high_voltage,Ruby,1209
https://github.com/aterrien/jQuery-Knob,JavaScript,3112
https://github.com/jaredhanson/passport,JavaScript,2794
https://github.com/twitter/flockdb,Scala,1903
https://github.com/visionmedia/masteringnode,JavaScript,1091
https://github.com/BorisMoore/jquery-tmpl,JavaScript,2226
https://github.com/jashkenas/backbone,JavaScript,16643
https://github.com/cinder/Cinder,C,1499
https://github.com/aozora/bootmetro,CSS,1970
https://github.com/technoweenie/attachment_fu,Ruby,1034
https://github.com/maccman/monocle,Ruby,1293
https://github.com/clojure/clojure,Java,2730
https://github.com/kennethreitz/legit,Python,2969
https://github.com/node-inspector/node-inspector,JavaScript,3627
https://github.com/abrasive/shairport,C,1419
https://github.com/TheRealKerni/QuincyKit,Objective-C,1161
https://github.com/GarageGames/Torque3D,C++,1454
https://github.com/klen/python-mode,Python,1608
https://github.com/jquery-ui-bootstrap/jquery-ui-bootstrap,JavaScript,4793
https://github.com/substack/stream-handbook,JavaScript,1543
https://github.com/Victa/curtain.js,JavaScript,1076
https://github.com/google/tracing-framework,JavaScript,1635
https://github.com/springside/springside4,Java,1293
https://github.com/stedolan/jq,C,1983
https://github.com/idank/explainshell,JavaScript,1469
https://github.com/jezdez/django_compressor,Python,1082
https://github.com/junit-team/junit,Java,2183
https://github.com/aino/galleria,JavaScript,1306
https://github.com/stubbornella/csslint,JavaScript,1670
https://github.com/walmartlabs/thorax,JavaScript,1096
https://github.com/mattgemmell/MGSplitViewController,Objective-C,1328
https://github.com/CodeSeven/toastr,JavaScript,1374
https://github.com/toastdriven/django-tastypie,Python,2334
https://github.com/sbspk/Prepros,JavaScript,1128
https://github.com/HubSpot/messenger,JavaScript,2137
https://github.com/ryanb/letter_opener,Ruby,1400
https://github.com/Morhaus/dispatch-proxy,CoffeeScript,2341
https://github.com/jsdoc3/jsdoc,JavaScript,1408
https://github.com/nodejitsu/forever,JavaScript,3629
https://github.com/simplefocus/FlowType.JS,JavaScript,2646
https://github.com/FredKSchott/CoVim,VimL,1552
https://github.com/kneath/kss,Ruby,2501
https://github.com/rigoneri/syte,JavaScript,2573
https://github.com/codebrew/backbone-rails,Ruby,1530
https://github.com/cloudfuji/kandan,JavaScript,1088
https://github.com/nsf/gocode,Go,1432
https://github.com/matplotlib/matplotlib,Python,1197
https://github.com/djaiss/mapsicon,null,1579
https://github.com/html5rocks/www.html5rocks.com,JavaScript,1058
https://github.com/kjbekkelund/writings,null,1958
https://github.com/blasten/turn.js,JavaScript,3106
https://github.com/FontCustom/fontcustom,Ruby,1632
https://github.com/olton/Metro-UI-CSS,CSS,2963
https://github.com/erikw/tmux-powerline,Shell,1217
https://github.com/phonegap/phonegap,C,3526
https://github.com/ivaynberg/select2,JavaScript,9207
https://github.com/nathanmarz/storm,Java,7717
https://github.com/operasoftware/ucss,JavaScript,1115
https://github.com/BigZaphod/Chameleon,Objective-C,1869
https://github.com/jsantell/dancer.js,JavaScript,1576
https://github.com/mattbryson/TouchSwipe-Jquery-Plugin,JavaScript,1273
https://github.com/gimenete/iOS-boilerplate,Objective-C,2713
https://github.com/bitcoin/bitcoin,TypeScript,4354
https://github.com/CamDavidsonPilon/Probabilistic-Programming-and-Bayesian-Methods-for-Hackers,Python,4786
https://github.com/ccgus/fmdb,Objective-C,3724
https://github.com/thoughtbot/bourbon,Ruby,3379
https://github.com/mongoid/mongoid,Ruby,2780
https://github.com/jedi4ever/veewee,Shell,2803
https://github.com/pcottle/learnGitBranching,JavaScript,2106
https://github.com/facebook/rocksdb,C++,1619
https://github.com/csswizardry/inuit.css,CSS,3161
https://github.com/laravel/framework,PHP,1376
https://github.com/cryptocat/cryptocat,JavaScript,1403
https://github.com/quicksilver/Quicksilver,Objective-C,1397
https://github.com/alohaeditor/Aloha-Editor,JavaScript,1586
https://github.com/Cocoanetics/DTCoreText,Objective-C,2073
https://github.com/MacRuby/MacRuby,Ruby,1763
https://github.com/ariya/phantomjs,C++,8960
https://github.com/JugglerShu/XVim,Objective-C,1593
https://github.com/mdo/preboot,CSS,1406
https://github.com/sindresorhus/screenfull.js,JavaScript,1256
https://github.com/dotcloud/zerorpc-python,Python,1009
https://github.com/micha/resty,Shell,1083
https://github.com/refinery/refinerycms,Ruby,2823
https://github.com/stefankroes/ancestry,Ruby,1505
https://github.com/RestKit/RestKit,Objective-C,5309
https://github.com/johndyer/mediaelement,JavaScript,2147
https://github.com/mnutt/hummingbird,JavaScript,2405
https://github.com/facebook/phabricator,PHP,3055
https://github.com/tumblr/TMCache,Objective-C,1019
https://github.com/solnic/virtus,Ruby,1585
https://github.com/mperham/dalli,Ruby,1749
https://github.com/majutsushi/tagbar,C++,1007
https://github.com/ruboto/ruboto,Ruby,1342
https://github.com/technomancy/emacs-starter-kit,Emacs Lisp,2451
https://github.com/resque/resque,Ruby,5458
https://github.com/jgm/pandoc,Haskell,1855
https://github.com/jdg/MBProgressHUD,Objective-C,4288
https://github.com/altercation/vim-colors-solarized,VimL,1998
https://github.com/jeresig/jquery.hotkeys,JavaScript,1470
https://github.com/Netflix/asgard,Groovy,1142
https://github.com/Lokaltog/powerline,Python,2171
https://github.com/mbostock/d3,JavaScript,21096
https://github.com/LearnBoost/node-canvas,C++,1489
https://github.com/suprb/Nested,JavaScript,1273
https://github.com/nnnick/Chart.js,JavaScript,6543
https://github.com/turbulenz/turbulenz_engine,JavaScript,1641
https://github.com/belluzj/cosmic-sans-neue,Shell,1285
https://github.com/michaeltyson/TPKeyboardAvoiding,Objective-C,1079
https://github.com/mozilla-b2g/gaia,JavaScript,1447
https://github.com/epeli/underscore.string,JavaScript,1641
https://github.com/philogb/jit,JavaScript,1001
https://github.com/h5bp/mobile-boilerplate,JavaScript,3177
https://github.com/blueimp/Bootstrap-Image-Gallery,JavaScript,1397
https://github.com/davebalmer/jo,CSS,1165
https://github.com/codahale/metrics,Java,1875
https://github.com/bbatsov/prelude,Emacs Lisp,1294
https://github.com/seajs/seajs,JavaScript,2170
https://github.com/jordansissel/fpm,Ruby,2525
https://github.com/ksuther/KSImageNamed-Xcode,Objective-C,1641
https://github.com/robey/kestrel,Scala,2232
https://github.com/erikhuda/thor,Ruby,2048
https://github.com/philc/vimium,CoffeeScript,1800
https://github.com/vfr/Reader,Objective-C,1823
https://github.com/ansible/ansible,Python,4042
https://github.com/goagent/goagent,JavaScript,2574
https://github.com/mailchimp/email-blueprints,null,3041
https://github.com/NetEase/pomelo,JavaScript,2601
https://github.com/nltk/nltk,Python,1222
https://github.com/mitchellh/vagrant,Ruby,5374
https://github.com/puma/puma,Ruby,2481
https://github.com/gradle/gradle,Java,1173
https://github.com/octocat/Spoon-Knife,null,9934
https://github.com/FortAwesome/Font-Awesome,CSS,19798
https://github.com/PostgresApp/PostgresApp,Objective-C,1295
https://github.com/xetorthio/jedis,Java,1209
https://github.com/reddit/reddit,Python,4856
https://github.com/HubSpot/vex,CoffeeScript,2823
https://github.com/devinross/tapkulibrary,Objective-C,3312
https://github.com/thoughtbot/paperclip,Ruby,5622
https://github.com/thoughtbot/shoulda,Ruby,1542
https://github.com/rmurphey/js-assessment,JavaScript,1416
https://github.com/fgnass/spin.js,JavaScript,5629
https://github.com/cakephp/cakephp,PHP,4341
https://github.com/seattlerb/minitest,Ruby,1003
https://github.com/intridea/omniauth,Ruby,4251
https://github.com/rails/jbuilder,Ruby,1329
https://github.com/Flotype/now,JavaScript,1816
https://github.com/play/play,Ruby,1492
https://github.com/jeff-optimizely/Guiders-JS,JavaScript,1539
https://github.com/01org/appframework,JavaScript,1648
https://github.com/eriwen/javascript-stacktrace,JavaScript,1223
https://github.com/flesler/jquery.scrollTo,JavaScript,1215
https://github.com/alexreisner/geocoder,Ruby,2140
https://github.com/emmetio/emmet,JavaScript,1927
https://github.com/mozilla/servo,Python,1342
https://github.com/HPNeo/gmaps,JavaScript,4190
https://github.com/christiannaths/Redacted-Font,CSS,2255
https://github.com/square/maximum-awesome,VimL,2953
https://github.com/rembo10/headphones,Python,1205
https://github.com/jaunesarmiento/fries,JavaScript,1396
https://github.com/rmm5t/jquery-timeago,JavaScript,2326
https://github.com/Athou/commafeed,Java,1015
https://github.com/substack/node-browserify,JavaScript,3287
https://github.com/plusjade/jekyll-bootstrap,Ruby,1783
https://github.com/airblade/vim-gitgutter,VimL,1960
https://github.com/bliker/cmder,C++,1187
https://github.com/cyrilmottier/GreenDroid,Java,2007
https://github.com/mitsuhiko/flask,Python,8117
https://github.com/Diogenesthecynic/FullScreenMario,JavaScript,2927
https://github.com/mauricemach/coffeekup,CoffeeScript,1159
https://github.com/ubuwaits/beautiful-web-type,Ruby,3541
https://github.com/davatron5000/FitVids.js,JavaScript,2601
https://github.com/bblimke/webmock,Ruby,1174
https://github.com/necolas/idiomatic-css,null,2663
https://github.com/sitaramc/gitolite,Perl,4545
https://github.com/usmanhalalit/charisma,CSS,1156
https://github.com/highslide-software/highcharts.com,JavaScript,1493
https://github.com/tomchristie/django-rest-framework,Python,1876
https://github.com/meskyanichi/backup,Ruby,2868
https://github.com/j4mie/idiorm,PHP,1060
https://github.com/Widen/fine-uploader,JavaScript,4762
https://github.com/IFTTT/JazzHands,Objective-C,1742
https://github.com/thomasxiii/photon,JavaScript,1187
https://github.com/pakerfeldt/android-viewflow,Java,1143
https://github.com/balanced/balanced-dashboard,JavaScript,1607
https://github.com/knockout/knockout,JavaScript,4484
https://github.com/takezoe/gitbucket,Scala,1725
https://github.com/imathis/octopress,Ruby,7229
https://github.com/puphpet/puphpet,PHP,1286
https://github.com/twbs/bootstrap-sass,Ruby,4105
https://github.com/firebase/firepad,JavaScript,1055
https://github.com/ajaxorg/ace,JavaScript,6783
https://github.com/gobackspaces/DLCImagePickerController,Objective-C,1179
https://github.com/haiwen/seafile,C,1394
https://github.com/joho/7XX-rfc,null,1245
https://github.com/fogleman/Craft,C,2021
https://github.com/honcheng/PaperFold-for-iOS,Objective-C,2121
https://github.com/johannilsson/android-pulltorefresh,Java,1578
https://github.com/wise9/enchant.js,JavaScript,1017
https://github.com/jdan/cleaver,JavaScript,1091
https://github.com/kamens/jQuery-menu-aim,JavaScript,5353
https://github.com/simplegeo/polymaps,JavaScript,1063
https://github.com/bbatsov/rubocop,Ruby,1432
https://github.com/mranney/node_redis,JavaScript,2903
https://github.com/kriskowal/q,JavaScript,4078
https://github.com/mutualmobile/MMDrawerController,Objective-C,1431
https://github.com/livid/v2ex,Python,1016
https://github.com/ai/visibility.js,CoffeeScript,1058
https://github.com/yairEO/fancyInput,JavaScript,1417
https://github.com/jakesgordon/javascript-state-machine,JavaScript,1213
https://github.com/jashkenas/coffee-script,CoffeeScript,8469
https://github.com/GravityLabs/goose,Scala,1021
https://github.com/BradLarson/GPUImage,Objective-C,4868
https://github.com/dowjones/intentionjs,CSS,1058
https://github.com/apotonick/cells,Ruby,1626
https://github.com/wout/svg.js,JavaScript,1786
https://github.com/mgcrea/angular-strap,JavaScript,1757
https://github.com/elabs/pundit,Ruby,1060
https://github.com/feedbin/feedbin,Ruby,1079
https://github.com/julycoding/The-Art-Of-Programming-by-July,C++,1368
https://github.com/Addepar/ember-table,CoffeeScript,1028
https://github.com/hakimel/Meny,JavaScript,1631
https://github.com/github/hub,Ruby,3140
https://github.com/scrapy/scrapy,Python,3404
https://github.com/andris9/jStorage,JavaScript,1013
https://github.com/utahta/pythonbrew,Python,1353
https://github.com/nvie/rq,Python,1110
https://github.com/PaulUithol/Backbone-relational,JavaScript,1956
https://github.com/nicolaiarocci/eve,Python,1111
https://github.com/baudehlo/Haraka,JavaScript,1134
https://github.com/JakeWharton/ActionBarSherlock,Java,5141
https://github.com/JeffreyZhao/wind,JavaScript,1015
https://github.com/FredrikNoren/ungit,JavaScript,4377
https://github.com/LearnBoost/socket.io,JavaScript,10235
https://github.com/git/git,C,5108
https://github.com/cryptosphere/cryptosphere,CSS,1020
https://github.com/csswizardry/CSS-Guidelines,null,2837
https://github.com/wyuenho/backgrid,JavaScript,1292
https://github.com/thoughtbot/capybara-webkit,Ruby,1234
https://github.com/twbs/bootstrap,JavaScript,62693
https://github.com/binarylogic/searchlogic,Ruby,1385
https://github.com/thedjpetersen/subway,JavaScript,1166
https://github.com/LearnBoost/mongoose,JavaScript,4158
https://github.com/elixir-lang/elixir,Elixir,1980
https://github.com/mangos/MaNGOS,C++,1908
https://github.com/jrburke/r.js,JavaScript,1225
https://github.com/django/django-old,Python,2957
https://github.com/apache/couchdb,JavaScript,1520
https://github.com/angular-ui/angular-ui-OLDREPO,JavaScript,2415
https://github.com/NarrativeScience/Log.io,CoffeeScript,1234
https://github.com/filamentgroup/Responsive-Images,JavaScript,1372
https://github.com/prose/prose,JavaScript,1707
https://github.com/47deg/android-swipelistview,Java,1158
https://github.com/fabpot/Goutte,PHP,1318
https://github.com/lodash/lodash,JavaScript,3916
https://github.com/android/platform_frameworks_base,Java,1363
https://github.com/Netflix/RxJava,Java,1377
https://github.com/akdubya/dustjs,JavaScript,1177
https://github.com/cloudkite/Masonry,Objective-C,1050
https://github.com/olivernn/lunr.js,JavaScript,1499
https://github.com/liuliu/ccv,C,2618
https://github.com/mongodb/mongo-python-driver,Python,1205
https://github.com/kandanapp/kandan,JavaScript,1525
https://github.com/clowwindy/shadowsocks,Python,1277
https://github.com/soffes/sstoolkit,Objective-C,2166
https://github.com/jmechner/Prince-of-Persia-Apple-II,Assembly,3340
https://github.com/amoffat/sh,Python,2099
https://github.com/nadarei/mina,Ruby,1395
https://github.com/bitovi/jquerypp,JavaScript,1095
https://github.com/niklasvh/html2canvas,JavaScript,2766
https://github.com/angular/angular.js,JavaScript,18518
https://github.com/alexwolfe/Buttons,CSS,1305
https://github.com/madebymany/sir-trevor-js,JavaScript,2689
https://github.com/mislav/git-deploy,Ruby,1206
https://github.com/sstephenson/stitch,CoffeeScript,1035
https://github.com/hakimel/Ladda,JavaScript,4146
https://github.com/wavded/humane-js,CSS,1536
https://github.com/segmentio/myth,CSS,2495
https://github.com/allmarkedup/purl,JavaScript,1307
https://github.com/cucumber/cucumber,Ruby,3963
https://github.com/marcelduran/yslow,JavaScript,1178
https://github.com/remy/html5demos,JavaScript,3088
https://github.com/apache/cassandra,Java,1414
https://github.com/h5bp/lazyweb-requests,JavaScript,1120
https://github.com/JohnLangford/vowpal_wabbit,C++,1025
https://github.com/emilsjolander/StickyListHeaders,Java,1100
https://github.com/pluginaweek/state_machine,Ruby,2605
https://github.com/creationix/step,JavaScript,1542
https://github.com/litl/rauth,Python,1173
https://github.com/1602/compound,JavaScript,1491
https://github.com/MatthewMueller/cheerio,JavaScript,2118
https://github.com/cubiq/iscroll,JavaScript,3152
https://github.com/mozilla/popcorn-js,JavaScript,1263
https://github.com/ebidel/filer.js,JavaScript,1112
https://github.com/wooga/Pocket-Island,JavaScript,1049
https://github.com/trogdoro/xiki,Ruby,1441
https://github.com/SamSaffron/dapper-dot-net,C#,1053
https://github.com/rwaldron/idiomatic.js,JavaScript,5537
https://github.com/kriswallsmith/assetic,PHP,2201
https://github.com/mattdiamond/fuckitjs,JavaScript,1435
https://github.com/woothemes/FlexSlider,JavaScript,2508
https://github.com/isaacs/npm,JavaScript,3758
https://github.com/mortdeus/legacy-cc,C,1286
https://github.com/Grouper/FlatUIKit,Objective-C,3561
https://github.com/jmcunningham/AngularJS-Learning,null,4363
https://github.com/visionmedia/should.js,JavaScript,1302
https://github.com/jspahrsummers/libextobjc,Objective-C,1024
https://github.com/yiisoft/yii,PHP,3293
https://github.com/b4winckler/macvim,C,3455
https://github.com/fabien-d/alertify.js,JavaScript,3311
https://github.com/soulwire/Makisu,CSS,1224
https://github.com/adamzap/landslide,CSS,1051
https://github.com/saltstack/salt,Python,2629
https://github.com/cnodejs/nodeclub,JavaScript,1136
https://github.com/arashpayan/appirater,Objective-C,2328
https://github.com/gregbell/active_admin,Ruby,4516
https://github.com/InterNations/antwort,CSS,1669
https://github.com/bigcompany/know-your-http,null,1070
https://github.com/jaz303/tipsy,JavaScript,1672
https://github.com/bauerca/drag-sort-listview,Java,1240
https://github.com/robconery/massive,C#,1144
https://github.com/phusion/passenger,C++,1893
https://github.com/doctrine/doctrine2,PHP,1986
https://github.com/bnoguchi/everyauth,JavaScript,2566
https://github.com/p-e-w/finalterm,Vala,3248
https://github.com/jschr/bootstrap-modal,JavaScript,3387
https://github.com/ShareKit/ShareKit,Objective-C,1633
https://github.com/codeguy/Slim,PHP,3129
https://github.com/Automattic/_s,PHP,2844
https://github.com/wearefractal/gulp,JavaScript,1017
https://github.com/johnezang/JSONKit,Objective-C,3859
https://github.com/bitly/nsq,Go,1836
https://github.com/AsyncHttpClient/async-http-client,Java,1001
https://github.com/MugunthKumar/MKStoreKit,Objective-C,1295
https://github.com/mongomapper/mongomapper,Ruby,1555
https://github.com/radar/forem,Ruby,1122
https://github.com/github/hubot-scripts,CoffeeScript,1946
https://github.com/benbarnett/jQuery-Animate-Enhanced,JavaScript,1226
https://github.com/substack/node-optimist,JavaScript,1632
https://github.com/benpickles/peity,JavaScript,1808
https://github.com/sinatra/sinatra,Ruby,5464
https://github.com/headjs/headjs,JavaScript,3237
https://github.com/velesin/jasmine-jquery,JavaScript,1225
https://github.com/getpelican/pelican,Python,2834
https://github.com/erlang/otp,Erlang,2191
https://github.com/substack/dnode,JavaScript,1585
https://github.com/coursera-dl/coursera,Python,1329
https://github.com/intridea/stately,CSS,1027
https://github.com/thoughtbot/clearance,Ruby,1387
https://github.com/matej/MBProgressHUD,Objective-C,1304
https://github.com/stubbornella/oocss,JavaScript,3877
https://github.com/binarylogic/authlogic,Ruby,3476
https://github.com/maroslaw/rainyday.js,JavaScript,3279
https://github.com/typhoeus/typhoeus,Ruby,1827
https://github.com/astaxie/beego,Go,1571
https://github.com/facebook/folly,C++,3026
https://github.com/phalcon/cphalcon,C,2305
https://github.com/lifo/cramp,JavaScript,1275
https://github.com/jakiestfu/Snap.js,JavaScript,3759
https://github.com/kivy/kivy,Python,1412
https://github.com/JuliaLang/julia,Julia,2878
https://github.com/padrino/padrino-framework,Ruby,2039
https://github.com/moment/moment,JavaScript,12687
https://github.com/leemunroe/html-email-template,null,1632
https://github.com/charliesome/better_errors,Ruby,4093
https://github.com/mdo/github-buttons,CSS,1040
https://github.com/YaroslavGaponov/node-jvm,JavaScript,1355
https://github.com/Inferis/ViewDeck,Objective-C,3569
https://github.com/warpech/jquery-handsontable,JavaScript,2552
https://github.com/jamztang/JTRevealSidebarDemo,Objective-C,1162
https://github.com/Simbul/baker,Objective-C,1572
https://github.com/pivotal/jasmine,JavaScript,6033
https://github.com/samizdatco/arbor,JavaScript,1442
https://github.com/presidentbeef/brakeman,Ruby,1410
https://github.com/rupa/z,Shell,2296
https://github.com/wordnik/swagger-core,Scala,1589
https://github.com/nbubna/HTML,JavaScript,1238
https://github.com/facebook/presto,Java,1965
https://github.com/iurevych/Flat-UI,JavaScript,1772
https://github.com/github/gitignore,null,13402
https://github.com/brianc/node-postgres,JavaScript,1245
https://github.com/darcyclarke/Front-end-Developer-Interview-Questions,null,4113
https://github.com/chriskempson/tomorrow-theme,CSS,5758
https://github.com/twitter/scala_school,Scala,1097
https://github.com/scalatra/scalatra,Scala,1287
https://github.com/jonikorpi/Frameless,JavaScript,1075
https://github.com/mockko/livereload,JavaScript,1173
https://github.com/pdfkit/pdfkit,Ruby,1492
https://github.com/gpambrozio/BlockAlertsAnd-ActionSheets,Objective-C,1233
https://github.com/yahoo/mojito,JavaScript,1481
https://github.com/sjkaliski/numbers.js,JavaScript,1006
https://github.com/philipwalton/html-inspector,JavaScript,1463
https://github.com/jigish/slate,Objective-C,3409
https://github.com/capttaco/Briefs,Objective-C,1273
https://github.com/LaurentGomila/SFML,C,1314
https://github.com/brianreavis/selectize.js,JavaScript,2810
https://github.com/comfy/comfortable-mexican-sofa,Ruby,1181
https://github.com/akka/akka,Scala,2195
https://github.com/OpenRefine/OpenRefine,Java,1571
https://github.com/scripted-editor/scripted,JavaScript,1459
https://github.com/sunspot/sunspot,Ruby,1811
https://github.com/PrimaryFeather/Starling-Framework,ActionScript,1364
https://github.com/spring-projects/spring-framework,Java,2748
https://github.com/ginatrapani/todo.txt-cli,Shell,1424
https://github.com/Pylons/pyramid,Python,1267
https://github.com/tapmodo/Jcrop,CSS,1505
https://github.com/amoffat/bootstrap-application-wizard,JavaScript,1275
https://github.com/mitsuhiko/werkzeug,Python,1283
https://github.com/shutterstock/rickshaw,JavaScript,3800
https://github.com/guard/guard,Ruby,3200
https://github.com/clips/pattern,Python,2080
https://github.com/twitter/mysql,C++,1254
https://github.com/mmangino/facebooker,Ruby,1011
https://github.com/facebook/scribe,C++,2382
https://github.com/weavejester/compojure,Clojure,1825
https://github.com/GoodBoyDigital/pixi.js,JavaScript,3063
https://github.com/seanpowell/Email-Boilerplate,null,1660
https://github.com/auduno/headtrackr,JavaScript,1978
https://github.com/triceam/app-UI,JavaScript,1194
https://github.com/caolan/jam,JavaScript,1273
https://github.com/ender-js/Ender,JavaScript,1540
https://github.com/wilsonpage/fastdom,JavaScript,1186
https://github.com/progrium/localtunnel,Python,2416
https://github.com/sobri909/MGBoxKit,Objective-C,1384
https://github.com/sferik/rails_admin,Ruby,4294
https://github.com/Netflix/SimianArmy,Java,1530
https://github.com/playframework/playframework,Scala,4065
https://github.com/Eugeny/ajenti,Python,1012
https://github.com/neiesc/ListOfMinimalistFrameworks,null,1302
https://github.com/Bearded-Hen/Android-Bootstrap,Java,2322
https://github.com/Caged/gitnub,Ruby,1067
https://github.com/revans/bash-it,Shell,1759
https://github.com/visionmedia/uikit,JavaScript,1254
https://github.com/joehewitt/scrollability,JavaScript,1786
https://github.com/PredictionIO/PredictionIO,Scala,3992
https://github.com/gh-unit/gh-unit,Objective-C,1607
https://github.com/thomaspark/bootswatch,CSS,3495
https://github.com/toastdriven/django-haystack,Python,1341
https://github.com/darsain/sly,JavaScript,1461
https://github.com/SimonVT/android-menudrawer,Java,1490
https://github.com/square/PonyDebugger,Objective-C,2518
https://github.com/browserstate/history.js,JavaScript,5792
https://github.com/ericam/susy,CSS,1400
https://github.com/facebook/tornado,Python,6549
https://github.com/rmccue/Requests,PHP,1089
https://github.com/cloudhead/vows,JavaScript,1278
https://github.com/plataformatec/devise,Ruby,9787
https://github.com/xbmc/xbmc,C,2849
https://github.com/markdalgleish/bespoke.js,JavaScript,1792
https://github.com/rstacruz/sparkup,Python,1076
https://github.com/HansPinckaers/GrowingTextView,Objective-C,1018
https://github.com/arya/bluepill,Ruby,1167
https://github.com/CocoaPods/CocoaPods,Ruby,3490
https://github.com/sergeche/emmet-sublime,JavaScript,2625
https://github.com/domnikl/DesignPatternsPHP,PHP,2507
https://github.com/jenkinsci/jenkins,Java,2438
https://github.com/kanaka/noVNC,JavaScript,1475
https://github.com/devstructure/blueprint,Python,1685
https://github.com/magicalpanda/MagicalRecord,Objective-C,3952
https://github.com/yeoman/generator-angular,JavaScript,1095
https://github.com/usablica/widearea,JavaScript,1068
https://github.com/wbond/sublime_package_control,Python,1507
https://github.com/loadfive/Knwl.js,JavaScript,1625
https://github.com/uxebu/bonsai,JavaScript,1286
https://github.com/buymeasoda/soda-theme,null,3420
https://github.com/batmanjs/batman,CoffeeScript,1568
https://github.com/mitmproxy/mitmproxy,Python,1976
https://github.com/mileszs/wicked_pdf,Ruby,1221
https://github.com/jashkenas/docco,CoffeeScript,2081
https://github.com/Robdel12/DropKick,JavaScript,1313
https://github.com/javallone/regexper,JavaScript,1396
https://github.com/daleharvey/pouchdb,JavaScript,1960
https://github.com/errbit/errbit,Ruby,2161
https://github.com/cboden/Ratchet,PHP,1224
https://github.com/romaonthego/REFrostedViewController,Objective-C,1030
https://github.com/enyo/dropzone,JavaScript,4736
https://github.com/scottjehl/Respond,JavaScript,6029
https://github.com/Polymer/polymer,JavaScript,3106
https://github.com/hojberg/cssarrowplease,JavaScript,1168
https://github.com/mwaterfall/MWPhotoBrowser,Objective-C,1445
https://github.com/metafizzy/packery,JavaScript,1088
https://github.com/heelhook/chardin.js,CoffeeScript,3620
https://github.com/facebook/facebook-php-sdk,PHP,3107
https://github.com/angular/angular-seed,JavaScript,3622
https://github.com/jordansinger/Hook.js,JavaScript,1035
https://github.com/rogerwang/node-webkit,C++,7913
https://github.com/visionmedia/ejs,JavaScript,1258
https://github.com/mapbox/tilemill,JavaScript,1569
https://github.com/major/MySQLTuner-perl,Perl,1291
https://github.com/fdv/publify,Ruby,1112
https://github.com/gmoledina/GMGridView,Objective-C,1969
https://github.com/Sumi-Interactive/SIAlertView,Objective-C,1165
https://github.com/ether/etherpad-lite,JavaScript,3193
https://github.com/FriendsOfSymfony/FOSUserBundle,PHP,1442
https://github.com/rumblelabs/asset_sync,Ruby,1077
https://github.com/mojombo/grit,Ruby,1872
https://github.com/documentcloud/jammit,Ruby,1156
https://github.com/topcoat/topcoat,CSS,3501
https://github.com/edavis10/redmine,Ruby,2201
https://github.com/malsup/cycle,JavaScript,1140
https://github.com/SublimeCodeIntel/SublimeCodeIntel,Python,2352
https://github.com/LearnBoost/cluster,JavaScript,1525
https://github.com/ColinEberhardt/VCTransitionsLibrary,Objective-C,1007
https://github.com/gregmalcolm/python_koans,Python,1388
https://github.com/coreos/etcd,Go,2029
https://github.com/hakimel/Avgrund,CSS,1214
https://github.com/ftlabs/fastclick,JavaScript,5068
https://github.com/nst/iOS-Runtime-Headers,Objective-C,1102
https://github.com/less/less.ruby,CSS,1083
https://github.com/yiisoft/yii2,PHP,1538
https://github.com/getify/You-Dont-Know-JS,null,2705
https://github.com/thinkpixellab/flatland,VimL,2025
https://github.com/jzaefferer/jquery-validation,JavaScript,3447
https://github.com/tombenner/nui,Objective-C,2412
https://github.com/quantopian/zipline,Python,1198
https://github.com/rentzsch/mogenerator,Objective-C,1660
https://github.com/sbt/sbt,Scala,1711
https://github.com/moxiecode/plupload,JavaScript,2271
https://github.com/jquery/plugins.jquery.com,JavaScript,1329
https://github.com/WickyNilliams/headroom.js,JavaScript,2821
https://github.com/gimite/web-socket-js,ActionScript,1720
https://github.com/fabric/fabric,Python,2815
https://github.com/CEWendel/SWTableViewCell,Objective-C,1249
https://github.com/airbnb/chronos,JavaScript,1393
https://github.com/Studio-42/elFinder,JavaScript,1148
https://github.com/37signals/pow,CoffeeScript,2497
https://github.com/bevry/docpad,CoffeeScript,1840
https://github.com/groundworkcss/groundwork,CoffeeScript,1286
https://github.com/koajs/koa,JavaScript,2249
https://github.com/madrobby/zepto,JavaScript,6036
https://github.com/senchalabs/connect,JavaScript,3910
https://github.com/tommy351/hexo,JavaScript,1402
https://github.com/mynyml/watchr,Ruby,1220
https://github.com/stacktracejs/stacktrace.js,JavaScript,1243
https://github.com/youknowone/UI7Kit,Objective-C,1542
https://github.com/pandamonia/BlocksKit,Objective-C,1988
https://github.com/wellcaffeinated/PhysicsJS,JavaScript,1390
https://github.com/applicake/doorkeeper,Ruby,1177
https://github.com/tobi/delayed_job,Ruby,1967
https://github.com/progrium/dokku,Shell,4025
https://github.com/msgpack/msgpack,C++,1486
https://github.com/RactiveJS/Ractive,JavaScript,1945
https://github.com/simplebits/Pears,PHP,1413
https://github.com/reactphp/react,PHP,1828
https://github.com/ci-bonfire/Bonfire,PHP,1096
https://github.com/Nyx0uf/NYXImagesKit,Objective-C,1392
https://github.com/cloudfoundry/vcap,Ruby,1427
https://github.com/defnull/bottle,Python,2162
https://github.com/webpy/webpy,Python,2695
https://github.com/WickyNilliams/enquire.js,JavaScript,1501
https://github.com/restsharp/RestSharp,C#,1672
https://github.com/novus/nvd3,JavaScript,1819
https://github.com/simplegeo/python-oauth2,Python,1897
https://github.com/SignalR/SignalR,C#,3830
https://github.com/oyvindkinsey/easyXDM,JavaScript,1515
https://github.com/andymatuschak/Sparkle,Objective-C,1331
https://github.com/trifacta/vega,JavaScript,1627
https://github.com/orangeduck/libCello,C,1553
https://github.com/ryanb/dotfiles,VimL,1630
https://github.com/adamdbradley/foresight.js,JavaScript,2248
https://github.com/kumailht/responsive-elements,JavaScript,1157
https://github.com/tpope/vim-pathogen,VimL,4138
https://github.com/codejoust/session.js,JavaScript,1140
https://github.com/silexphp/Silex,PHP,1961
https://github.com/borisyankov/DefinitelyTyped,JavaScript,1673
https://github.com/malarkey/320andup,JavaScript,2024
https://github.com/justinfrench/formtastic,Ruby,4258
https://github.com/CocoaPods/Specs,Ruby,1294
https://github.com/LeaVerou/prefixfree,JavaScript,2140
https://github.com/ericjohnson/canabalt-ios,Objective-C,1293
https://github.com/voldemort/voldemort,Java,1188
https://github.com/robbyrussell/oh-my-zsh,Shell,13578
https://github.com/aziz/PlainTasks,Python,1182
https://github.com/golang/groupcache,Go,2458
https://github.com/piwik/piwik,PHP,1589
https://github.com/leapmotion/leapjs,JavaScript,1135
https://github.com/Gazler/githug,Ruby,2240
https://github.com/roboguice/roboguice,Java,1259
https://github.com/futuretap/InAppSettingsKit,Objective-C,1823
https://github.com/getsentry/sentry,Python,4224
https://github.com/BBC-News/wraith,Ruby,2018
https://github.com/mgechev/angularjs-style-guide,null,1290
https://github.com/ruby/ruby,Ruby,4717
https://github.com/sporkrb/spork,Ruby,1303
https://github.com/quartermaster/DB5,Objective-C,1019
https://github.com/pixelmatrix/uniform,CSS,2025
https://github.com/zurb/foundation,JavaScript,15167
https://github.com/eclipse/vert.x,Java,2592
https://github.com/codebutler/firesheep,C++,1537
https://github.com/opal/opal,Ruby,1188
https://github.com/ChiperSoft/Kalendae,JavaScript,1545
https://github.com/josegonzalez/homebrew-php,Ruby,1056
https://github.com/zaach/jison,JavaScript,1173
https://github.com/luis-almeida/unveil,JavaScript,1749
https://github.com/reworkcss/rework,JavaScript,1053
https://github.com/liftoff/GateOne,Python,2545
https://github.com/nirvdrum/svn2git,Ruby,1004
https://github.com/PHPMailer/PHPMailer,PHP,1092
https://github.com/zendframework/zf2,PHP,4472
https://github.com/plamoni/SiriProxy,Ruby,2017
https://github.com/jquery/sizzle,JavaScript,2855
https://github.com/chriso/node-validator,JavaScript,1770
https://github.com/Seldaek/monolog,PHP,1746
https://github.com/rwaldron/johnny-five,JavaScript,1636
https://github.com/pinax/pinax,Python,1845
https://github.com/danleech/simpleicons,null,1155
https://github.com/cocos2d/cocos2d-iphone,Objective-C,3020
https://github.com/tholman/zenpen,JavaScript,2426
https://github.com/jsor/jcarousel,JavaScript,1314
https://github.com/chriskite/anemone,Ruby,1025
https://github.com/joyent/node,JavaScript,26644
https://github.com/ejci/favico.js,JavaScript,2162
https://github.com/appendto/amplify,JavaScript,1136
https://github.com/jondot/graphene,CSS,2325
https://github.com/laravel/laravel,PHP,7483
https://github.com/necolas/normalize.css,CSS,10709
https://github.com/marijnh/CodeMirror,JavaScript,3892
https://github.com/bling/vim-airline,VimL,2376
https://github.com/lipka/piecon,JavaScript,2122
https://github.com/fxsjy/jieba,Python,1059
https://github.com/AFNetworking/AFIncrementalStore,Objective-C,1564
https://github.com/gmarik/vundle,VimL,4251
https://github.com/visionmedia/mocha,JavaScript,3822
https://github.com/michelf/php-markdown,PHP,1176
https://github.com/route-me/route-me,Objective-C,1024
https://github.com/square/cube,JavaScript,2987
https://github.com/Prinzhorn/skrollr,JavaScript,6731
https://github.com/square/cane,Ruby,1032
